Row Labels,Sum of critical + direct,entity_type
DANIEL  GINGERICH,51.0,PERSON
HENRY SOMMERS,24.0,PERSON
Wilma Jinson,20.0,PERSON
DELORIS RICHARDS DICK RICHARDS,20.0,PERSON
Gary Felts,18.0,PERSON
Joyce Cairns,15.0,PERSON
Donna Taber,15.0,PERSON
SHARRI SINKIE,12.0,PERSON
Izene Hynes,12.0,PERSON
Helene Hamrick,12.0,PERSON
Carolyn Anderson,12.0,PERSON
Angela Weaver,12.0,PERSON
S GLENICE VIKEN,11.0,PERSON
LEON WALTHALL PEGGY VAN HUSS,10.0,PERSON
DONALD SCHRAGE,10.0,PERSON
Chris McGill,10.0,PERSON
Sadie and Daniel Yoder,9.0,PERSON
Mary Moore,9.0,PERSON
MICHAEL FRANKE,8.0,PERSON
Lucille Godfrey,8.0,PERSON
LYNN SARTIN,8.0,PERSON
Joey Farley,8.0,PERSON
Janice Nelson Kenneth Nelson,8.0,PERSON
Elisa Brandvik,8.0,PERSON
Ellen Roberts,8.0,PERSON
Cynthia Paula Jack,8.0,PERSON
CHERYL RONDY,8.0,PERSON
Becky Goodman Leonard Goodman,8.0,PERSON
Susan Franz,7.0,PERSON
CLAYTON YODER,7.0,PERSON
Peggy Shaw,6.0,PERSON
RAY RANGE,6.0,PERSON
Robert and Dawn Troupe,6.0,PERSON
Roger Campbell Marla Campbell,6.0,PERSON
Melva Langford,6.0,PERSON
Marjorie Walker,6.0,PERSON
OWEN YODER,6.0,PERSON
PAMELA L. BALDWIN,6.0,PERSON
LINDY ASCHINGER KEVIN ASCHINGER,6.0,PERSON
LORA LAMPE,6.0,PERSON
Ivan Yoder,6.0,PERSON
JOHN DANKER,6.0,PERSON
John Nisley,6.0,PERSON
JOHN ZEISET,6.0,PERSON
Heath Meyers,6.0,PERSON
Dwayne Hurliman,6.0,PERSON
Charles and Debbi McGinnis,6.0,PERSON
Dianne Dick,6.0,PERSON
David D Yoder,6.0,PERSON
ALVIN HERSHBERGER,6.0,PERSON
CAROL STROUD,6.0,PERSON
Sheryl Tietz,5.0,PERSON
Tyler Cleckley,5.0,PERSON
LEON NOLT,5.0,PERSON
STEVE YODER,4.0,PERSON
Stephen Schrock,4.0,PERSON
Virginia Hinderer,4.0,PERSON
Stevie Hoover,4.0,PERSON
Virginia Whaley,4.0,PERSON
WAYNE YODER,4.0,PERSON
Teresa Graham,4.0,PERSON
Teresa Rauch,4.0,PERSON
SARAH YOUNG,4.0,PERSON
SAM SCHROCK,4.0,PERSON
Sally Culver,4.0,PERSON
Samuel Borntrager Polly Borntrager,4.0,PERSON
RAYMOND LAWSON,4.0,PERSON
Roger Deters Debra Deters,4.0,PERSON
RANDY STOEN,4.0,PERSON
PATSY EVANS,4.0,PERSON
Monroe Hochstetler,4.0,PERSON
MERLE MILLER,4.0,PERSON
Menno Gingerich,4.0,PERSON
Marcia Blecha Kelvin Blecha,4.0,PERSON
MICHAEL & RONALD LOVE,4.0,PERSON
MARVIN BURKHOLDER,4.0,PERSON
NATHAN ZIMMERMAN,4.0,PERSON
Marvin Nisley,4.0,PERSON
Pat Crabtree,4.0,PERSON
Levi Hershberger,4.0,PERSON
KIMBERLY COLEMAN,4.0,PERSON
L.V. CASE JEAN CASE,4.0,PERSON
Kevin Harrison,4.0,PERSON
Lois Baker,4.0,PERSON
KAREN CRUME,4.0,PERSON
Larry Albrecht,4.0,PERSON
Jeff Coley Theresa Coley,4.0,PERSON
JIMMY WEST JR. CONNIE WEST,4.0,PERSON
Judy Koehn,4.0,PERSON
JEREMY BONTRAGER,4.0,PERSON
JEREMY SWARTZENTRUBER MELISSA SWARTZENTRUBER,4.0,PERSON
ELVINA JOHNSON,4.0,PERSON
GINA WESTERCAMP,4.0,PERSON
EllaMae Brubaker,4.0,PERSON
Doug and Loretta Gurtler,4.0,PERSON
IDA LEWIS,4.0,PERSON
HOLLY KELLOGG,4.0,PERSON
DAVID HORNING,4.0,PERSON
CATHY SPEER,4.0,PERSON
David Grove Glenda Grove Eric Grove Adam Grove,4.0,PERSON
Connie Fahey,4.0,PERSON
Dan De Boer,4.0,PERSON
Christy C. M. Schwartz Mary T. Schwartz,4.0,PERSON
David Weaver,4.0,PERSON
DELMAR WAGLER,4.0,PERSON
Dennis Troyer,4.0,PERSON
Crist R Miller,4.0,PERSON
DANIEL COBLENTZ,4.0,PERSON
Andy M Nisley,4.0,PERSON
Bob Loutsch Leslie Loutsch,4.0,PERSON
Angela L Smith,4.0,PERSON
Allen Strenke Jerry Mc Clure,4.0,PERSON
Carla Couchman,4.0,PERSON
Betty Lawson,4.0,PERSON
ADA YODER,4.0,PERSON
Aaron M Zimmerman,4.0,PERSON
ATLEE SHETLER,4.0,PERSON
Anna Troyer,4.0,PERSON
SHARON CARUTH,3.0,PERSON
Paul Urbanec,3.0,PERSON
Patsy Graven Danny Graven,3.0,PERSON
MATT MC KENZIE,3.0,PERSON
Mikhail Raylyanu,3.0,PERSON
Linda Hager,3.0,PERSON
Jerome Packer Nancy Packer,3.0,PERSON
Jan Harper,3.0,PERSON
DANIEL KING,3.0,PERSON
SUZANNAH  HELMAN ADAM  HELMAN,2.0,PERSON
WAYNE TROYER,2.0,PERSON
Sylvia Yoder,2.0,PERSON
Vickie Burden,2.0,PERSON
TAMARA BLACKOAK SKINNER,2.0,PERSON
Wanda Johnson,2.0,PERSON
STEPHEN STOLL,2.0,PERSON
WENDIE DETTBARN DOUG DETTBARN,2.0,PERSON
William Kurtz,2.0,PERSON
Vernon Reiff Rachel Reiff,2.0,PERSON
William Davenport,2.0,PERSON
VICKIE UBBEN DANNY UBBEN,2.0,PERSON
Simeon Lapp,2.0,PERSON
Susan Carlisle Clair Carlisle,2.0,PERSON
Woody Wiley,2.0,PERSON
WAYNE MILLER,2.0,PERSON
TREELINE KENNEL,2.0,PERSON
Simon Brenneman Rosie Brenneman,2.0,PERSON
Wilbur Byler,2.0,PERSON
Verla Blosser,2.0,PERSON
Teresa J. Taylor,2.0,PERSON
Peter Schrock Mary J. K. Schrock,2.0,PERSON
Ralph Martin,2.0,PERSON
Shannon Dekoning,2.0,PERSON
REUBEN HERSCHBERGER,2.0,PERSON
Randy Swartzentruber,2.0,PERSON
ROBERT POPE,2.0,PERSON
Renea Culler,2.0,PERSON
Robert Snyder,2.0,PERSON
Ruth Hargrove,2.0,PERSON
Phil Stoll Jason Knepp,2.0,PERSON
Richard  Tyree,2.0,PERSON
Sam Gingerich,2.0,PERSON
Petie Zook Leah Zook,2.0,PERSON
Raymond Aurand Marlene Aurand,2.0,PERSON
PHYLLIS BURLESON,2.0,PERSON
Sandra Hunt,2.0,PERSON
Paul Swartzentruber Josie Swartzentruber,2.0,PERSON
Sandy Harter,2.0,PERSON
Rosilee McNair Collins,2.0,PERSON
SCOTT SWANSON,2.0,PERSON
ROY MILLER,2.0,PERSON
Reuben E Graber,2.0,PERSON
SHARON FOX,2.0,PERSON
ROBERT BLAN,2.0,PERSON
Rick & Shelly Kuhn,2.0,PERSON
Marvin A Yoder,2.0,PERSON
Nick  Menne Tiffany Menne,2.0,PERSON
Marty Clinton,2.0,PERSON
Mary A Smith,2.0,PERSON
NORMA DAKE,2.0,PERSON
MARY FARINELLI,2.0,PERSON
Myron Yoder,2.0,PERSON
Mary Winkler,2.0,PERSON
NELSON HOCHSTETLER,2.0,PERSON
MANELIUS SCHLABACH,2.0,PERSON
Nocona  Thompson,2.0,PERSON
Maureen Moeller,2.0,PERSON
OSAGE KENNELS L L C,2.0,PERSON
McKenzie Neuroth,2.0,PERSON
Mose A Miller,2.0,PERSON
MELVIN B SHIRK,2.0,PERSON
Nancy Carlson and Thomas Carlson,2.0,PERSON
Marion J Miller,2.0,PERSON
NEENA FELLOWS,2.0,PERSON
MARK RABER,2.0,PERSON
NICHOLAS WAGLER WALLACE WAGLER,2.0,PERSON
PAM LUNA,2.0,PERSON
Noah Martin,2.0,PERSON
NOLAN DEN BOER GINA DEN BOER,2.0,PERSON
Norma Jean Harders,2.0,PERSON
Marie Vondra,2.0,PERSON
NORMA WAGLER,2.0,PERSON
Norman Yoder,2.0,PERSON
Misty Means,2.0,PERSON
Pam Habbinga,2.0,PERSON
Monica Walker & Kimberly Beery,2.0,PERSON
Martha Schrock Joseph Schrock,2.0,PERSON
PAMELA J. PERRY,2.0,PERSON
Kathryn Teague,2.0,PERSON
Larry Peters Pat Peters,2.0,PERSON
Loren Yoder,2.0,PERSON
KIM MARSHALL MORT MARSHALL,2.0,PERSON
Kenneth Baker Kristina Baker Linda Baker,2.0,PERSON
Lila Ratzlaff Keith Ratzlaff,2.0,PERSON
KRISTI YATES,2.0,PERSON
LINDA THOMPSON,2.0,PERSON
Karen Belisle,2.0,PERSON
Lamar E Miller Loretta F  Miller,2.0,PERSON
Leroy C Miller,2.0,PERSON
"Loren Kooiman, Lora Kooiman",2.0,PERSON
LEROY KAUFFMAN,2.0,PERSON
Karen Griffith,2.0,PERSON
Leisha Patrick,2.0,PERSON
LAWRENCE KAUFFMAN,2.0,PERSON
Mabel J Yoder,2.0,PERSON
Jeffrey and Judy Gray,2.0,PERSON
Judith Reed,2.0,PERSON
Jonathon Wickey,2.0,PERSON
Judy Latham,2.0,PERSON
JONATHAN MILLER,2.0,PERSON
Ivan Barkman,2.0,PERSON
Joseph Schrock,2.0,PERSON
JESSICA SALAZAR,2.0,PERSON
JUDY HULETT,2.0,PERSON
JESSICA STILLWELL,2.0,PERSON
JOHN MARRIOTT  SR.,2.0,PERSON
JAMARK,2.0,PERSON
JOHNNY DAKE,2.0,PERSON
Julia Johnson,2.0,PERSON
JOLENE  MARTIN,2.0,PERSON
JULIANA VAN WINKLE,2.0,PERSON
Jonathan Yutzy,2.0,PERSON
JACK PARSON MELISA PARSON,2.0,PERSON
Joseph Hochstetler,2.0,PERSON
JOE BRECKENRIDGE,2.0,PERSON
Isaac L Stoltzfus,2.0,PERSON
JOEY BISHOP,2.0,PERSON
Judith Williamson,2.0,PERSON
JACOB  LAMBRIGHT,2.0,PERSON
JASON BEYER SARAH BEYER,2.0,PERSON
Jacqueline Roesener,2.0,PERSON
Jason Riggs,2.0,PERSON
John Garman,2.0,PERSON
JULIE NELSON,2.0,PERSON
Jim Steinhauser Catherine Steinhauser Dale Steinhauser,2.0,PERSON
Justin Jackson La Nae Jackson,2.0,PERSON
GARY HEWITT,2.0,PERSON
Dorothy S. O' Bar,2.0,PERSON
Elizabeth Yutzy Marianna Yutzy Jonas Yutzy,2.0,PERSON
Enos Mullett,2.0,PERSON
Gary Brown Carolyn Brown,2.0,PERSON
Enos Shetler,2.0,PERSON
Edna Yoder,2.0,PERSON
Doris Martin David Martin,2.0,PERSON
DONALD CONRAD,2.0,PERSON
EUGENE MARTIN,2.0,PERSON
Eli Mullett,2.0,PERSON
Eli Jr. or Ella Borntrager,2.0,PERSON
Gary Phillips,2.0,PERSON
Harry Rudell Freeman,2.0,PERSON
FERMAN TROYER,2.0,PERSON
HELEN BYL ARIE BYL,2.0,PERSON
Floyd Borntrager,2.0,PERSON
Henry Detweiler,2.0,PERSON
Floyd Klocke,2.0,PERSON
HENRY WENGERD,2.0,PERSON
Gail Bear,2.0,PERSON
Gail McGonigal,2.0,PERSON
HOWARD YODER LAMAR  YODER,2.0,PERSON
Ervin Miller Marcus Miller Anna May Miller,2.0,PERSON
DAVID NISLEY,2.0,PERSON
Danny L. Miller,2.0,PERSON
CHRIS NILGES,2.0,PERSON
Dennis and Peggy Ogle,2.0,PERSON
CHRIS VANDERVEER,2.0,PERSON
Daniel Ray Miller,2.0,PERSON
Chrissie Miller Mattie Miller Christopher Miller,2.0,PERSON
David A Miller,2.0,PERSON
Christian B Lapp,2.0,PERSON
DEBBIE HOWLETT,2.0,PERSON
CHRISTY BORNTREGER ELI BORNTREGER,2.0,PERSON
Daniel A Schrock,2.0,PERSON
CHRISTY GRABER,2.0,PERSON
Daniel Miller,2.0,PERSON
Cindy Hubers,2.0,PERSON
Daniel Wingard,2.0,PERSON
Daryl Kendrick Mildred Kendrick,2.0,PERSON
DAVID D. YODER JR.,2.0,PERSON
Cody Zimmerman,2.0,PERSON
Dean Troyer,2.0,PERSON
Deborah Warren,2.0,PERSON
Curtis Orr Mara Orr,2.0,PERSON
DENNIS VAN WYK DONNA VAN WYK,2.0,PERSON
DAN BARKER JR,2.0,PERSON
DIXIE IRVIN,2.0,PERSON
Brenda Callen,2.0,PERSON
Amos A Borntreger Jr,2.0,PERSON
ALBERT YODER,2.0,PERSON
Carol Stoner,2.0,PERSON
ADEN YODER,2.0,PERSON
ALLENE TAYLOR,2.0,PERSON
Brian Letsinger,2.0,PERSON
ALVIN  HERSCHBERGER,2.0,PERSON
ABNER KNEPP,2.0,PERSON
Ashlae Simmons Jason Simmons,2.0,PERSON
AMOS ZIMMERMAN,2.0,PERSON
ADEN BURKHOLDER,2.0,PERSON
Aubry  Kirkpatrick Doris Kirkpatrick,2.0,PERSON
BRIAN HUFFMAN,2.0,PERSON
Catherine Mast,2.0,PERSON
ANDY YODER,2.0,PERSON
Barb Troyer,2.0,PERSON
Carol Prothe,2.0,PERSON
Barbara Crick,2.0,PERSON
ALVIN ZEHR IRENE ZEHR,2.0,PERSON
Caroline Schulte,2.0,PERSON
ANNETTE ECCLES,2.0,PERSON
Arthur L Schmucker,2.0,PERSON
Carolyn Lansdown,2.0,PERSON
TED JOHNSON,1.0,PERSON
Timothy S Schwartz,1.0,PERSON
MARILYN ALEXANDER JAMES ALEXANDER,1.0,PERSON
Michelleen  Horning,1.0,PERSON
LEROY DETWEILER,1.0,PERSON
Lyle Miller,1.0,PERSON
Leroy E Yoder,1.0,PERSON
JAVIN RABER,1.0,PERSON
Harvey E Miller,1.0,PERSON
Eugene Burkholder,1.0,PERSON
ALLEN KELLER,1.0,PERSON
Tom Nass Christie Nass,0.0,PERSON
VONNIE HUBER,0.0,PERSON
Skyline Kennel,0.0,PERSON
TRESSIE BONTRAGER,0.0,PERSON
VERNON YODER,0.0,PERSON
Solomon Schrock,0.0,PERSON
Wayne Burkholder,0.0,PERSON
Sondra Jenkins,0.0,PERSON
Simon K Brenneman,0.0,PERSON
SONJA GREGERSEN,0.0,PERSON
Tracey Neal,0.0,PERSON
Sonny Hearne,0.0,PERSON
Sonya Kelly,0.0,PERSON
Vernetta Brengman Dorenda Nunnally,0.0,PERSON
SONYA KELLY MARSHA MARTIN,0.0,PERSON
Victor Schmucker,0.0,PERSON
WANDA  MULLETT ALVIN MULLETT,0.0,PERSON
Weifang Xu,0.0,PERSON
William and Pamela Fattig,0.0,PERSON
Willie Yoder Thomas Yoder,0.0,PERSON
Tonya Buck,0.0,PERSON
Travis Britton Jodi Britton,0.0,PERSON
SPRINGCREEK KENNEL,0.0,PERSON
Springset Gordon Setters,0.0,PERSON
URA MILLER,0.0,PERSON
Verlin Miller,0.0,PERSON
Stacie Garrett,0.0,PERSON
Vernon M Raber,0.0,PERSON
Stacie Stutesman,0.0,PERSON
Vickie Hines,0.0,PERSON
Stacy Davis,0.0,PERSON
Stacy Herndon Bryan Herndon,0.0,PERSON
Stacy Hutson,0.0,PERSON
Warren M Brubaker,0.0,PERSON
Stacy Jones,0.0,PERSON
Wayne Martin,0.0,PERSON
Stacy Whitman,0.0,PERSON
Wes Smith Katrina Smith,0.0,PERSON
Stanton T Martin,0.0,PERSON
William F Yoder,0.0,PERSON
Stephanie Atwood,0.0,PERSON
William Slabaugh,0.0,PERSON
STEPHANIE HINNERS BRAD HINNERS,0.0,PERSON
WILLIS TROYER,0.0,PERSON
STEPHANIE REYNOLDS ELLEN DAVIS,0.0,PERSON
Tommie Fodge,0.0,PERSON
Stephen A Bennett,0.0,PERSON
Tori Cox,0.0,PERSON
Stephen and Mary Elizabeth Stoltzfus,0.0,PERSON
TRACY MITCHELL,0.0,PERSON
Stephen B Swarey,0.0,PERSON
TRAVIS ZOMER KARA ZOMER,0.0,PERSON
Stephen Cord Petersen,0.0,PERSON
TRINA THOMAS,0.0,PERSON
Stephen Raber,0.0,PERSON
TROY KROPF,0.0,PERSON
Sherry Curtis,0.0,PERSON
Tyler Gerlach,0.0,PERSON
Stephen Schwartz,0.0,PERSON
VALERIE SINDEN STEPHEN SINDEN,0.0,PERSON
Sherry Fomby,0.0,PERSON
VELMA SCHROCK ROBERT SCHROCK,0.0,PERSON
STEPHEN STOLTZFOOS,0.0,PERSON
VERNA RABER,0.0,PERSON
STEPHEN STUTZMAN,0.0,PERSON
VERNON BURKHOLDER,0.0,PERSON
Stephen Tackitt,0.0,PERSON
SIBERIA HUSKY KENNEL,0.0,PERSON
Stephen Willis,0.0,PERSON
Vicki Mendolia,0.0,PERSON
STEPHEN YODER,0.0,PERSON
Vicky Martin,0.0,PERSON
Steve Bundy Priscilla Tatum,0.0,PERSON
Violet Veitschegger,0.0,PERSON
STEVE FARMWALD LEONA FARMWALD,0.0,PERSON
VIVIAN WILSON,0.0,PERSON
STEVE LASATER,0.0,PERSON
Wallace L Wagler,0.0,PERSON
Steve Lengacher,0.0,PERSON
SHERRY SKINNER,0.0,PERSON
Wanda Walker,0.0,PERSON
Steven & Jennifer Sanders,0.0,PERSON
Steven A Graber,0.0,PERSON
Wayne Gingerich,0.0,PERSON
STEVEN ALBERT,0.0,PERSON
Wayne R Troyer,0.0,PERSON
Steven Bontrager,0.0,PERSON
Wendy Crim,0.0,PERSON
Steven Cobb,0.0,PERSON
Steven Coblentz,0.0,PERSON
Wilbur L Bontrager,0.0,PERSON
Steven Eash,0.0,PERSON
Willard Helmuth,0.0,PERSON
STEVEN JAMES KNEPP,0.0,PERSON
William Clarke Kathy Clarke,0.0,PERSON
Steven L Yoder,0.0,PERSON
WILLIAM FLEMING PHYLLIS FLEMING,0.0,PERSON
STEVEN LAPP,0.0,PERSON
WILLIAM P. SMITH,0.0,PERSON
Steven Lehman,0.0,PERSON
WILLIAM WAGLER DARVIN WAGLER ROSETTA WAGLER,0.0,PERSON
Steven M Zehr,0.0,PERSON
Willis Graber Glenn Graber Amos Graber,0.0,PERSON
Steven Miller,0.0,PERSON
Simon Miller,0.0,PERSON
Steven Miller & David Miller,0.0,PERSON
Tom Steffensmeier Carla Steffensmeier,0.0,PERSON
Steven Miller Vonda Miller,0.0,PERSON
TONI JONES WENDY JONES,0.0,PERSON
Steven N Graber,0.0,PERSON
Tonya Nelson,0.0,PERSON
Steven Petersheim,0.0,PERSON
Tosha Spears,0.0,PERSON
Steven R Troyer,0.0,PERSON
Tracy Everett,0.0,PERSON
STEVEN SAUDER,0.0,PERSON
Steven Sensenig,0.0,PERSON
Travis L Smith,0.0,PERSON
STEVEN SOMMERS,0.0,PERSON
Steven Yoder,0.0,PERSON
Steven Zimmerman,0.0,PERSON
Sherry Strickland,0.0,PERSON
Trista Whittle,0.0,PERSON
Stevie Stoltzfus Abram Stoltzfus Bertha Stoltzfus,0.0,PERSON
Stiehl C. Wilson,0.0,PERSON
Ulis Tucker,0.0,PERSON
Valerie Anderson,0.0,PERSON
Vanessa Watts,0.0,PERSON
VERDA KNEPP JACKSON KNEPP,0.0,PERSON
Vern Huse,0.0,PERSON
Sue Chaney,0.0,PERSON
VERNA YODER,0.0,PERSON
Sue Gregory,0.0,PERSON
Sue Henderson,0.0,PERSON
Vernon E Miller,0.0,PERSON
Sue Shold,0.0,PERSON
Vernon Miller Verda Miller,0.0,PERSON
Vernon W. Miller,0.0,PERSON
Vicki + Bobby Shebiel,0.0,PERSON
Vickie Aaron,0.0,PERSON
Sierra Green,0.0,PERSON
Victor McShan,0.0,PERSON
Sherry Tackett,0.0,PERSON
Virginia Bray,0.0,PERSON
Sherri Roy,0.0,PERSON
Vona Mc Dougal,0.0,PERSON
SUNDEE HUME JOSHUA HUME,0.0,PERSON
Walter Schmidt,0.0,PERSON
Wayne Bontrager,0.0,PERSON
Wayne E Miller,0.0,PERSON
Wayne Isom,0.0,PERSON
WAYNE MULLET,0.0,PERSON
WAYNE WALKER,0.0,PERSON
Sherry Crossno Steve Crossno,0.0,PERSON
Wilbur & Ruby Helmuth,0.0,PERSON
WILBUR SCHROCK,0.0,PERSON
Sherri Gillum,0.0,PERSON
Willard Borntrager Esther Borntrager,0.0,PERSON
Susan Dusek,0.0,PERSON
William (Bill) Gates,0.0,PERSON
Susan Fitzgerald,0.0,PERSON
William Bradley Bonham,0.0,PERSON
Susan Francis Richard Francis,0.0,PERSON
Simon J Schwartz,0.0,PERSON
Susan Franklin,0.0,PERSON
WILLIAM FIRTH  JR. FAYE FIRTH,0.0,PERSON
SHIPLEY CANE CORSO,0.0,PERSON
WILLIAM JOHNSTON,0.0,PERSON
Susan M. Martin,0.0,PERSON
William Morland Laura Morland,0.0,PERSON
Susan Mosher,0.0,PERSON
William Rex Lovelace,0.0,PERSON
SUSAN SINCLAIR,0.0,PERSON
William Vikers Heidi  White,0.0,PERSON
Susie & Loran Schlabach,0.0,PERSON
William Younger,0.0,PERSON
Susie Haidsiak Max Haidsiak,0.0,PERSON
Willis D Knepp,0.0,PERSON
Willis Knepp,0.0,PERSON
Suzanne Harvey,0.0,PERSON
Willy and Holly Ropp,0.0,PERSON
SUZANNE HIATT,0.0,PERSON
Tom and Jody VandeWeerd,0.0,PERSON
SUZANNE LUTE,0.0,PERSON
Tom Petersen,0.0,PERSON
Suzi Livengood,0.0,PERSON
Tom Zeilstra,0.0,PERSON
TOMMY NAPIER SHELIA NAPIER,0.0,PERSON
TONI ROBBINS,0.0,PERSON
Sylvia Heimberger,0.0,PERSON
TONYA BURNS,0.0,PERSON
Sylvia Kurtz,0.0,PERSON
Shirlene Hettinger,0.0,PERSON
Tory Iverson,0.0,PERSON
TRACEY LEE,0.0,PERSON
"Tracy Cole, Cynthia Cole",0.0,PERSON
Tracy Gordon and  Chad Gordon,0.0,PERSON
Tabetha Cannon,0.0,PERSON
Travis and Betty Fanning,0.0,PERSON
TABITHA RICHARDSON,0.0,PERSON
Travis Herod And Keith Come (D/B/A CH Ventures),0.0,PERSON
TAEK JUNG,0.0,PERSON
Travis McNeely,0.0,PERSON
Taffy Tiegiser,0.0,PERSON
Trent Yoder,0.0,PERSON
TAHNEE POE,0.0,PERSON
Shirley Cook,0.0,PERSON
Tamara Brower,0.0,PERSON
TAMI NAMKEN,0.0,PERSON
Trisha Stephens,0.0,PERSON
Tammi Comer,0.0,PERSON
Troy Hughes,0.0,PERSON
Tammy Bonham,0.0,PERSON
Tru Dreem Kennel,0.0,PERSON
Tammy Burchett,0.0,PERSON
Tula Irwin,0.0,PERSON
TAMMY CLOSSER,0.0,PERSON
Twila Collins Greg Collins,0.0,PERSON
Tammy Engle,0.0,PERSON
Tammy Harsell,0.0,PERSON
Tyrell Hulshof,0.0,PERSON
Tammy Herring Denna Herring James Herring Shriver Herring,0.0,PERSON
Tammy Hulvey,0.0,PERSON
TAMMY LANE,0.0,PERSON
Valerie Benham,0.0,PERSON
Tammy Lansdown,0.0,PERSON
TAMMY ROGERS,0.0,PERSON
Tammy Spears,0.0,PERSON
VALORIE WRIGHT,0.0,PERSON
Tammy Spencer,0.0,PERSON
Velma Kurtz,0.0,PERSON
Tammy Veazey,0.0,PERSON
Vera Martin,0.0,PERSON
TAMMY WALKER,0.0,PERSON
Tammy Williams,0.0,PERSON
Tammy Wray Karol Chicken,0.0,PERSON
Verna and Daniel Byler,0.0,PERSON
Tammy Zeiger,0.0,PERSON
Verna Schrock,0.0,PERSON
Tanner Bower,0.0,PERSON
Vernetta Brengman,0.0,PERSON
Tanni Morris,0.0,PERSON
Vernon  Kauffman,0.0,PERSON
Tanya Miller,0.0,PERSON
Tanya Strickland,0.0,PERSON
Vernon Detweiler,0.0,PERSON
Tanya White,0.0,PERSON
Vernon Lambright Kathryn Lambright,0.0,PERSON
Tara Baker,0.0,PERSON
Vernon M. Miller,0.0,PERSON
Tara D Baker,0.0,PERSON
Vernon Troyer,0.0,PERSON
TD Kennels,0.0,PERSON
VERNON WEAVER,0.0,PERSON
VERNON ZIMMERMAN,0.0,PERSON
TEAHNA OGLESBY,0.0,PERSON
Vicki Deseive,0.0,PERSON
Shirley Freeman,0.0,PERSON
Vicki Tidwell,0.0,PERSON
Sidney Hostetler,0.0,PERSON
Telisia Strong,0.0,PERSON
Vickie J Duryea,0.0,PERSON
Vicky Hensley,0.0,PERSON
TERENCE SERR SHIRLENE SERR,0.0,PERSON
Victor Graber,0.0,PERSON
Teresa and or Rod Latta,0.0,PERSON
Victor S Wagler,0.0,PERSON
Teresa Berthelson,0.0,PERSON
Victoria Stigall,0.0,PERSON
TERESA CAMPBELL,0.0,PERSON
Violet Earl,0.0,PERSON
Teresa Cassinger,0.0,PERSON
Virgil and Ruthie Snodgrass,0.0,PERSON
Teresa Cloud,0.0,PERSON
Teresa Follin,0.0,PERSON
Virginia Mathews,0.0,PERSON
Teresa Fox,0.0,PERSON
Vivian Sanders,0.0,PERSON
Teresa J Taylor,0.0,PERSON
Vonda Hawkins,0.0,PERSON
SHIRLEY SMITH,0.0,PERSON
Wade Bearden Mike Bearden,0.0,PERSON
Teresa Neal,0.0,PERSON
Teresa Panzer,0.0,PERSON
SHIRLEY WALTERS MELVIN WALTERS,0.0,PERSON
TERESA SMITH GLENN SMITH,0.0,PERSON
Teresa Williams,0.0,PERSON
Terisa Winters Steiber Alan Steiber,0.0,PERSON
Walter & Carol Harris,0.0,PERSON
TERRI FITZPATRICK,0.0,PERSON
Terri Naylor,0.0,PERSON
WANDA FERGUSON,0.0,PERSON
Terri Schnieders Johanna Abernathy,0.0,PERSON
Wanda Richison,0.0,PERSON
Terri Shepard,0.0,PERSON
Wanda Watkins,0.0,PERSON
Terry Headlee,0.0,PERSON
WARREN ADAMS DONNA ADAMS,0.0,PERSON
Terry Lansdown Tammy Lansdown,0.0,PERSON
Warren Martin,0.0,PERSON
Terry McKee,0.0,PERSON
WAYNE BATEMAN,0.0,PERSON
The Lost Forty Kennel,0.0,PERSON
Wayne Brubacker,0.0,PERSON
Wayne Chupp Verlin Chupp Kenny Chupp,0.0,PERSON
Wayne Eash,0.0,PERSON
Theodore Detwiler,0.0,PERSON
Wayne I Mast,0.0,PERSON
Theresa Parsons,0.0,PERSON
WAYNE KUHNS,0.0,PERSON
Theresa Sartori,0.0,PERSON
Wayne P Burkholder,0.0,PERSON
Thomas Emard,0.0,PERSON
Sherry Banner,0.0,PERSON
Thomas Korhn,0.0,PERSON
THOMAS MERRITT JUDY MERRITT,0.0,PERSON
THOMAS VAASSEN,0.0,PERSON
Wendy Cotton,0.0,PERSON
WENDY HAWLEY,0.0,PERSON
Tiffine Brookshire,0.0,PERSON
Wendy Skogen,0.0,PERSON
Tim Burnette,0.0,PERSON
WESLEY MONG,0.0,PERSON
Tim Deters Ross Deters,0.0,PERSON
Tim Feldmann Mary Feldmann,0.0,PERSON
Tim Mast Lisa Mast,0.0,PERSON
TIM MILLER,0.0,PERSON
Whitney Hill,0.0,PERSON
Tim Pendleton,0.0,PERSON
Simon D Troyer,0.0,PERSON
"Tim Riley, Lisa Riley",0.0,PERSON
WILBUR NISLEY,0.0,PERSON
Tim Witmer,0.0,PERSON
Willard  Christian Kevin  Christian,0.0,PERSON
Willard Graber,0.0,PERSON
Timothy  Mast,0.0,PERSON
Willard Schrock Rosanna Schrock,0.0,PERSON
TIMOTHY  WAGLER,0.0,PERSON
William & Monika Barnett,0.0,PERSON
Timothy and Mary Phillips,0.0,PERSON
William Blomberg Kathie Blomberg,0.0,PERSON
Timothy Hershberger,0.0,PERSON
WILLIAM CAMPBELL,0.0,PERSON
Timothy J Hostetler,0.0,PERSON
William D Remy,0.0,PERSON
William Dildine Kimberly Dildine,0.0,PERSON
WILMA WAGLER ADRIAN WAGLER,0.0,PERSON
William F. Yoder,0.0,PERSON
William Fleming,0.0,PERSON
William J. Miller,0.0,PERSON
WILLIAM KNEPP,0.0,PERSON
William Miller,0.0,PERSON
William Nesbitt,0.0,PERSON
William Ray Lambright,0.0,PERSON
William S Yoder,0.0,PERSON
Shonda Madison,0.0,PERSON
William V. Perrien II,0.0,PERSON
WILLIAM WADDELL KAYE WADDELL,0.0,PERSON
YOST MILLER,0.0,PERSON
WILLIAM YODER,0.0,PERSON
Yvette Pendleton,0.0,PERSON
WILLIE MILLER,0.0,PERSON
Zach Bobb,0.0,PERSON
Willis Barkman,0.0,PERSON
WILLIS GRABER,0.0,PERSON
Zola Price and Taylor Miner,0.0,PERSON
WILLIS HERSHBERGER,0.0,PERSON
Sherri and Kenny Hughs,0.0,PERSON
WILLIS KROPF,0.0,PERSON
TOBY DETWEILER,0.0,PERSON
Toby Gingerich Marie Gingerich,0.0,PERSON
Wilma and Adrian Wagler,0.0,PERSON
Todd Bauer,0.0,PERSON
Todd Fellows,0.0,PERSON
WIND WALKERS KENNEL L L C,0.0,PERSON
Timothy Wagler,0.0,PERSON
Timothy Wagler Mary Ruth Wagler,0.0,PERSON
Timothy Watlington,0.0,PERSON
TIMOTHY WITTMER,0.0,PERSON
Tina Boyd,0.0,PERSON
Tina Brennan,0.0,PERSON
TINA BROWN,0.0,PERSON
Tina Carr,0.0,PERSON
Wyman Nisley,0.0,PERSON
Tina Martin Troy Martin,0.0,PERSON
Tina Osborn,0.0,PERSON
Yvette and Larry Bolz,0.0,PERSON
Tina Trammell,0.0,PERSON
Yvonne Sellin Wayne Sellin,0.0,PERSON
Zak and Amanda Sutton,0.0,PERSON
Titus  Coblentz Elaine  Coblentz,0.0,PERSON
TITUS  YODER,0.0,PERSON
Toba Miller,0.0,PERSON
ROBERT BEACHY,0.0,PERSON
RYCKI MEHMERT,0.0,PERSON
RON HUGHES,0.0,PERSON
SANDRA TRUAX,0.0,PERSON
Robynn Snow,0.0,PERSON
Roy Dodd,0.0,PERSON
Samuel Forbes Julie Forbes,0.0,PERSON
ROBERT NORTON BETTY NORTON,0.0,PERSON
PAUL CUMMINGS,0.0,PERSON
Paul D Blosser,0.0,PERSON
RUDY WAGLER,0.0,PERSON
Peggy Grisham and Craig Grisham,0.0,PERSON
SAMANTHA CHANDLER,0.0,PERSON
Peggy Hampton Marvin Hampton,0.0,PERSON
Samuel Miller Kathryn Miller,0.0,PERSON
Peggy Minor,0.0,PERSON
Sarah Causey,0.0,PERSON
PEGGY PARROW,0.0,PERSON
SHARON FRANKLIN,0.0,PERSON
PATRICIA M. SPERANDIO,0.0,PERSON
Robert Gray,0.0,PERSON
ROBERT YODER,0.0,PERSON
Perry J Bontrager,0.0,PERSON
Perry J. Kuhns,0.0,PERSON
Ronald Vlasin Elaine Vlasin,0.0,PERSON
Perry Lee Whetstone,0.0,PERSON
Ross Helmuth,0.0,PERSON
Perry Petersheim,0.0,PERSON
Ruben and Eva Mae Rissler,0.0,PERSON
Pete & Rebecca Miller,0.0,PERSON
PAUL HENSON,0.0,PERSON
Pete Miller,0.0,PERSON
PETE SWIHART SUSIE SWIHART,0.0,PERSON
Samuel and Elizabeth Schwartz,0.0,PERSON
Pete Weaver,0.0,PERSON
SAMUEL J. SCHWARTZ PRISCILLA P. SCHWARTZ,0.0,PERSON
Pete Yoder Lydia Yoder,0.0,PERSON
PETER  SCHWARTZ LOVINA  SCHWARTZ,0.0,PERSON
Sanford and Mary Schlabach,0.0,PERSON
PETER GOCHEFF,0.0,PERSON
Savana Williams,0.0,PERSON
Peter L and Miriam Zimmerman,0.0,PERSON
Shae Wilson,0.0,PERSON
Patricia Mooney,0.0,PERSON
Sharon Rich,0.0,PERSON
Peter SH Schwartz,0.0,PERSON
Robert D Burton,0.0,PERSON
Peter T Schwartz,0.0,PERSON
Robert Mangan,0.0,PERSON
Peter T.J. Schwartz,0.0,PERSON
ROBERT SCHNAKE DEBBIE SCHNAKE,0.0,PERSON
Peter Troyer,0.0,PERSON
ROBIN  SCHERTZ TRINA SCHERTZ,0.0,PERSON
Peter Wengerd Laverda Wengerd,0.0,PERSON
Petie B Schwartz,0.0,PERSON
Rodney Allison Leah Allison,0.0,PERSON
Petie E.T. Schwartz,0.0,PERSON
Roger Shilling,0.0,PERSON
Petie Hilty,0.0,PERSON
ROMAN RABER,0.0,PERSON
Petie S Zook,0.0,PERSON
RONALD BEAUFORD PEGGY BEAUFORD RODNEY BEAUFORD,0.0,PERSON
PETIE SCHWARTZ,0.0,PERSON
Ronnie Joe Frazier Lea Ann Frazier,0.0,PERSON
Petie WZ Schwartz,0.0,PERSON
Rosemary Wood,0.0,PERSON
Patricia Mooney and Leslee Mooney,0.0,PERSON
Roy Allen Wengerd,0.0,PERSON
ROY SCHLABACH,0.0,PERSON
PHIL  SCHLABACH,0.0,PERSON
RUBY MILLER NATHAN MILLER,0.0,PERSON
Phil and Travis Raber,0.0,PERSON
Rusty and Kim Hodges,0.0,PERSON
Patricia Phillips,0.0,PERSON
Ryan and Marcus Herschberger,0.0,PERSON
Phil Weymouth & Yolanda Weymouth,0.0,PERSON
PAUL MILLER,0.0,PERSON
PHILIP BONTRAGER,0.0,PERSON
Sam Mast,0.0,PERSON
Philip Chupp,0.0,PERSON
Sammy SH Schwartz,0.0,PERSON
PHILIP GRABER,0.0,PERSON
Samuel E Yoder,0.0,PERSON
Philip Imhoff,0.0,PERSON
Samuel J Graber,0.0,PERSON
Samuel L Yoder,0.0,PERSON
Philisha Stallbaumer,0.0,PERSON
Samuel Yoder,0.0,PERSON
Phillip Knepp,0.0,PERSON
Sandra Frische,0.0,PERSON
Phillip Wagler,0.0,PERSON
Paul Zimmerman,0.0,PERSON
Patricia Rowe,0.0,PERSON
SARA GERBER,0.0,PERSON
Phyllis Kelley,0.0,PERSON
Sarah Stoll,0.0,PERSON
Phyllis McBride,0.0,PERSON
Scott Alexander,0.0,PERSON
Phyllis McBride Matthew McBride,0.0,PERSON
Phyllis Schultz,0.0,PERSON
Phyllis Shipley,0.0,PERSON
SHARON LANZ,0.0,PERSON
Robert Braun Sara Braun,0.0,PERSON
ROBERT DE JONGE,0.0,PERSON
ROBERT JACKSON Elaine  Jackson,0.0,PERSON
Robert Mast,0.0,PERSON
ROBERT RASH,0.0,PERSON
Paul and Jesica Byrd,0.0,PERSON
Roberta Moreland,0.0,PERSON
Robin Herd,0.0,PERSON
Rodney Leonard Jr,0.0,PERSON
Roger Nottingham Sr,0.0,PERSON
Roland or Joan Keith,0.0,PERSON
Roman E Lambright,0.0,PERSON
ROMAN YODER,0.0,PERSON
Ron Sherman Peggy Sherman,0.0,PERSON
Ronald Parkey,0.0,PERSON
RONNIE ELMER JOYCE ELMER,0.0,PERSON
Rosalie Claxton,0.0,PERSON
ROSEANN STRAND TIMOTHY STRAND,0.0,PERSON
Rosie Hershberger and Menno Yoder,0.0,PERSON
ROY D. LAMBERT,0.0,PERSON
ROY KAUFFMAN,0.0,PERSON
Priscilla F. Lapp and Simeon S. Lapp,0.0,PERSON
RUBIN  MILLER NANCY MILLER,0.0,PERSON
Priscilla Land,0.0,PERSON
Rudy Gingerich,0.0,PERSON
RUSSELL JAMES,0.0,PERSON
Patricia Sanders,0.0,PERSON
RUTH BUCKELS,0.0,PERSON
RUTH WRIGHT,0.0,PERSON
Ryan Miller,0.0,PERSON
Paul Kilmer,0.0,PERSON
Paul P Knepp,0.0,PERSON
PATRICIA K. LOESCHEN,0.0,PERSON
Paul Troyer,0.0,PERSON
Sammy H.P. Hilty,0.0,PERSON
Sammy Zook,0.0,PERSON
PATRICIA KARR,0.0,PERSON
SAMUEL F AND DARLENE YODER,0.0,PERSON
Samuel H Zimmerman,0.0,PERSON
Samuel J Yoder,0.0,PERSON
SAMUEL KAUFFMAN,0.0,PERSON
SAMUEL LAPP,0.0,PERSON
SAMUEL SCHMUCKER,0.0,PERSON
R.D. Brown,0.0,PERSON
Samuel Zimmerman,0.0,PERSON
Rachel and Samuel Mast,0.0,PERSON
Sandra Balentine,0.0,PERSON
Rachel Curtis,0.0,PERSON
Sandra L Schubarth,0.0,PERSON
RACHEL KEIM,0.0,PERSON
Paul Z King,0.0,PERSON
Rachel R Mast,0.0,PERSON
SANDY VAN ZEE,0.0,PERSON
Rachel Sien,0.0,PERSON
SANTOS MONDRAGON JR,0.0,PERSON
"Rachel Wagler, Jonathan Wagler, Elmer Wagler",0.0,PERSON
Sara S Bontrager,0.0,PERSON
Rae Lynn Mercer,0.0,PERSON
SARAH P. SCHWARTZ DAVID J. F. SCHWARTZ,0.0,PERSON
Sarah Yoder James Yoder,0.0,PERSON
Ralph Crosby,0.0,PERSON
Scott Lyssy,0.0,PERSON
Patricia Sparlin,0.0,PERSON
Ramah Lambright,0.0,PERSON
Shana Mendez,0.0,PERSON
Randall Miller,0.0,PERSON
Sharon Hubbard,0.0,PERSON
Randall Roy,0.0,PERSON
Sharon Main,0.0,PERSON
Randy Bartkoski Debra Bartkoski,0.0,PERSON
SHARON WILSON,0.0,PERSON
Randy Bowyer Cristy Bowyer,0.0,PERSON
Robert and Sarah Martin,0.0,PERSON
Randy Dyer Sue Dyer,0.0,PERSON
Patty Talcott Mike Talcott,0.0,PERSON
Randy Rees,0.0,PERSON
ROBERT COBLENTZ,0.0,PERSON
Randy Richardson,0.0,PERSON
Robert D Miller,0.0,PERSON
Randy Schweitzer,0.0,PERSON
ROBERT ENGBRECHT,0.0,PERSON
Randy Stewart,0.0,PERSON
Robert Halpain Starmye Halpain,0.0,PERSON
Patrick Henry,0.0,PERSON
Robert M. Nisley,0.0,PERSON
Patrick ODell DEBORAH ODELL,0.0,PERSON
Robert Martin,0.0,PERSON
Rashei Lynn Stuekerjuergen,0.0,PERSON
ROBERT MILLER,0.0,PERSON
RAY CORRIGAN,0.0,PERSON
PAUL  WAGLER,0.0,PERSON
Ray Gingerich,0.0,PERSON
Robert Roberson,0.0,PERSON
RAY MILLER,0.0,PERSON
Robert Schrock,0.0,PERSON
Patsy A Coble,0.0,PERSON
Robert Troyer,0.0,PERSON
RAY YODER,0.0,PERSON
ROBERT YORK,0.0,PERSON
RAYMOND  MILLER MARY  MILLER,0.0,PERSON
Roberta Sparkman,0.0,PERSON
Raymond A Raber,0.0,PERSON
Robin Fedders,0.0,PERSON
Patricia Holiman,0.0,PERSON
Robin Sheets,0.0,PERSON
Raymond Eash,0.0,PERSON
Raymond Hershberger,0.0,PERSON
RAYMOND HOOVER,0.0,PERSON
ROCKY HILL KENNEL,0.0,PERSON
Raymond Hostetler,0.0,PERSON
Raymond J Miller,0.0,PERSON
Raymond J Stutzman,0.0,PERSON
Raymond J Yoder,0.0,PERSON
Rodney Asmussen Pamela Asmussen,0.0,PERSON
PATSY GARMON,0.0,PERSON
Paul Chupp,0.0,PERSON
RAYMOND MILLER,0.0,PERSON
ROGER MILLER,0.0,PERSON
Raymond Miller Kathy Miller,0.0,PERSON
ROGER RIEBE,0.0,PERSON
RAYMOND MILLER RHODA MILLER,0.0,PERSON
Roger Walls Melissa Walls,0.0,PERSON
RAYMOND MULLETT,0.0,PERSON
RAYMOND NISLEY,0.0,PERSON
ROLLING RIDGE KENNEL,0.0,PERSON
RAYMOND WITTMER,0.0,PERSON
ROMAN MILLER,0.0,PERSON
RAYMOND YUTZY,0.0,PERSON
Roman Schrock,0.0,PERSON
RAYMOND YUTZY MALINDA YUTZY,0.0,PERSON
Ron and Donna Hanson,0.0,PERSON
Raymond Z Lapp,0.0,PERSON
RON PAYNE DEBBIE PAYNE,0.0,PERSON
Reagan Pearce,0.0,PERSON
Ronald Beauford,0.0,PERSON
Ronald Bulach,0.0,PERSON
Ronald Taylor Geneva Taylor,0.0,PERSON
Rebecca  Edwards,0.0,PERSON
Ronnie Chappell,0.0,PERSON
Rebecca Allen,0.0,PERSON
Ronnie Graber and Lovina Graber,0.0,PERSON
Rebecca Cox Robin Cox,0.0,PERSON
ROSA ZEHR,0.0,PERSON
REBECCA GRABER,0.0,PERSON
Rebecca Mosshart,0.0,PERSON
Rose Troyer,0.0,PERSON
Rebecca Posten,0.0,PERSON
ROSEMARY MULLET MARVIN MULLET,0.0,PERSON
Rebecca Ryan Bobby Ryan,0.0,PERSON
Paul D E Schwartz,0.0,PERSON
Rebecca Thompson,0.0,PERSON
Rebecca Troyer,0.0,PERSON
Roxanne Castens,0.0,PERSON
Roy Burkholder,0.0,PERSON
Reese Kauble Christy Kauble,0.0,PERSON
Roy D. Miller,0.0,PERSON
Regina Eades,0.0,PERSON
Roy J Raber,0.0,PERSON
REGINA LAFFERTY HEATH KIRKLIN JENNIFER KIRKLIN,0.0,PERSON
Paul D.E. Schwartz,0.0,PERSON
Regina Miller,0.0,PERSON
ROY YODER,0.0,PERSON
REGINA MILLER DARYL MILLER,0.0,PERSON
PAUL HAAG SHEILA HAAG,0.0,PERSON
Ruben Duncan,0.0,PERSON
Renae Schuiteman and Terry Schuiteman,0.0,PERSON
Ruby Mast Andy Mast,0.0,PERSON
Patricia Huddleston,0.0,PERSON
Ruby Shown,0.0,PERSON
Renee L. Scarcelli,0.0,PERSON
Rudy N Schwartz,0.0,PERSON
RENNIE WASHAUSEN,0.0,PERSON
RUDY YODER,0.0,PERSON
REUBEN  MILLER,0.0,PERSON
Reuben A Yoder,0.0,PERSON
RUTH ANN HAMM,0.0,PERSON
Reuben Bontrager,0.0,PERSON
RUTH BURKS,0.0,PERSON
"Reuben Crandall, Stacy Crandall",0.0,PERSON
RUTH HERSHBERGER,0.0,PERSON
Reuben D Graber,0.0,PERSON
RYAN  WAGLER,0.0,PERSON
Reuben D Yoder,0.0,PERSON
Ryan Herschberger Marcus Herschberger,0.0,PERSON
Patsy J King,0.0,PERSON
RYAN RABER HANNAH RABER,0.0,PERSON
Reuben Erb,0.0,PERSON
Reuben Esch,0.0,PERSON
S. KARLENE MC ABEE,0.0,PERSON
Reuben H Miller,0.0,PERSON
SADIE RIEHL MARVIN RIEHL,0.0,PERSON
Reuben H Troyer,0.0,PERSON
Patti Phipps,0.0,PERSON
Sam Byler,0.0,PERSON
Reuben Hostetler,0.0,PERSON
SAM KAEHR,0.0,PERSON
Reuben J Miller,0.0,PERSON
Sam P Neuenschwander,0.0,PERSON
Reuben L Mast,0.0,PERSON
Sam Schwartz,0.0,PERSON
Reuben M Schlabach,0.0,PERSON
SAMANTHA MUDDER JIM MUDDER,0.0,PERSON
SAMMY LZ SCHWARTZ,0.0,PERSON
REUBEN MILLER LINDA MILLER,0.0,PERSON
Sammy Woods Tammy Woods,0.0,PERSON
REUBEN SCHROCK,0.0,PERSON
SAMUEL  SWAREY,0.0,PERSON
REUBEN TROYER,0.0,PERSON
Samuel Beiler,0.0,PERSON
SAMUEL BORNTREGER,0.0,PERSON
Reuben Yutzy Lewis Yutzy,0.0,PERSON
Samuel Erb,0.0,PERSON
Rex and Sandra Walker,0.0,PERSON
SAMUEL FISHER,0.0,PERSON
Rhoda Detweiler Stephen Detweiler,0.0,PERSON
SAMUEL GIROD,0.0,PERSON
Rhonda Frederick,0.0,PERSON
Samuel J and Esther J Petersheim,0.0,PERSON
Rhonda Gibson,0.0,PERSON
Samuel J King,0.0,PERSON
Rhonda Haden,0.0,PERSON
Samuel J. Graber,0.0,PERSON
Rhonda Pope,0.0,PERSON
Samuel K Zook,0.0,PERSON
Rhonda Wiggins,0.0,PERSON
Samuel L Borntrager,0.0,PERSON
PATTY DONITHAN,0.0,PERSON
SAMUEL LAMBRIGHT,0.0,PERSON
Richard and Candice (Cristy) Hume,0.0,PERSON
SAMUEL MILLER,0.0,PERSON
Richard and Cindy Jensen,0.0,PERSON
Samuel S Beachy,0.0,PERSON
Richard and Myrna Lambright,0.0,PERSON
Samuel Shetler,0.0,PERSON
Richard and Verda Marlene Weaver,0.0,PERSON
Samuel Z Brubacker,0.0,PERSON
Richard D. Wagler,0.0,PERSON
RICHARD DODSON MARGARET DODSON,0.0,PERSON
Sandi Shank,0.0,PERSON
Richard Frey,0.0,PERSON
SANDRA FISHER GLEN FISHER,0.0,PERSON
Richard Hatton,0.0,PERSON
PAUL YODER,0.0,PERSON
Richard Hoffman,0.0,PERSON
Sandra Michelle Russell,0.0,PERSON
Richard L. and Christina Raber,0.0,PERSON
Sandra Wink,0.0,PERSON
Richard Lambright,0.0,PERSON
Sandy Acres Kennel,0.0,PERSON
Richard Leuty,0.0,PERSON
Sandy Simons,0.0,PERSON
RICHARD MARTIN,0.0,PERSON
Sandy Wisdom,0.0,PERSON
Richard McAlpin,0.0,PERSON
Richard Weaver and Verda Marlene Weaver,0.0,PERSON
Sara Erwin,0.0,PERSON
RICHARD WILLIAMS ROSA WILLIAMS,0.0,PERSON
Sara Hulshof,0.0,PERSON
Sharrie Ogle,0.0,PERSON
Sarah Ann Mast,0.0,PERSON
Shaun Merrell,0.0,PERSON
Sarah Graber,0.0,PERSON
Shawn Evans,0.0,PERSON
Sarah Phillips,0.0,PERSON
SARAH WEBB,0.0,PERSON
Shea Bailey Leah Bailey,0.0,PERSON
Paulette Carey William Carey,0.0,PERSON
Sheila Bealmer,0.0,PERSON
Sheila Hughes,0.0,PERSON
Shelba K. Canfield,0.0,PERSON
Scott Harper,0.0,PERSON
SHELL & RANELLE ABBOTT,0.0,PERSON
Pauline Thomas,0.0,PERSON
SHELLIE WEAVER SHELLY WEAVER,0.0,PERSON
Shem Swarey,0.0,PERSON
SHER OLSON,0.0,PERSON
Sheree & Randall Bonnette,0.0,PERSON
Sheri Chapman and Mikaela Branson,0.0,PERSON
Shala Clark,0.0,PERSON
Patricia Galyon Charles Galyon Sr.,0.0,PERSON
Sharon Ambrose,0.0,PERSON
SHARON GOSSETT,0.0,PERSON
SHARON K BROWN,0.0,PERSON
Sharon Lavy,0.0,PERSON
Sharon Pendleton Sam Pendleton,0.0,PERSON
Sharon Stoltzfus,0.0,PERSON
Robby Cross,0.0,PERSON
Robert Allmond,0.0,PERSON
Patty Johnson,0.0,PERSON
SHAWN BIRCHFIELD,0.0,PERSON
Rick and Sara Sandbulte,0.0,PERSON
Shawn Sutmiller Johnny Sutmiller Dorothy Sutmiller,0.0,PERSON
RICK KLINKHAMMER,0.0,PERSON
Shawnie Evans,0.0,PERSON
Rick McManigal Susie McManigal,0.0,PERSON
Sheila  Caraway,0.0,PERSON
RICK MILLER SHANE MILLER,0.0,PERSON
SHEILA HUFF,0.0,PERSON
Rick Sandbulte Sara Sandbulte,0.0,PERSON
SHEILA NEWELL,0.0,PERSON
RICK VAUGHN LAURA VAUGHN,0.0,PERSON
Shelby  Taffner Kevin Taffner,0.0,PERSON
Ricky Christman,0.0,PERSON
Shelli Mc Carty,0.0,PERSON
Shelly Weaver,0.0,PERSON
Shereana Stanforth,0.0,PERSON
Riley Collins Braden Branstetter Retta Collins,0.0,PERSON
Sheri Chapman,0.0,PERSON
Risa Krantz,0.0,PERSON
Rita Crone Schroeder,0.0,PERSON
Michael D Oberbeck,0.0,PERSON
Nathan Yoder,0.0,PERSON
MARIANNE DAVIS,0.0,PERSON
Norman Miller,0.0,PERSON
MARIE MADISON,0.0,PERSON
Mike Wolfe,0.0,PERSON
Marie Spaans,0.0,PERSON
Nancy Helms,0.0,PERSON
Mahlon Schrock Fannie Schrock,0.0,PERSON
Nicole Pultz,0.0,PERSON
Maria Ruiz-Flores,0.0,PERSON
Owen Detweiler,0.0,PERSON
Marilyn Chupp,0.0,PERSON
Michael Yutzy,0.0,PERSON
Marilyn Joseph,0.0,PERSON
Miriam Stoltzfus Matthew Stoltzfus,0.0,PERSON
MARILYN KERN,0.0,PERSON
MARILYN MILLER,0.0,PERSON
Natalie Nelson,0.0,PERSON
Marilyn Reiff Glen Reiff,0.0,PERSON
Nelson R Yoder,0.0,PERSON
Marilyn Soukup,0.0,PERSON
Nolan and Gina Den Boer,0.0,PERSON
Marilyn Starkey,0.0,PERSON
ORA BONTRAGER SARA BONTRAGER,0.0,PERSON
Marilyn White,0.0,PERSON
Mia Prince,0.0,PERSON
Marilyn Zimmerman,0.0,PERSON
Michael Kreger,0.0,PERSON
Marion A Miller,0.0,PERSON
Maria Stille,0.0,PERSON
Marion D Miller,0.0,PERSON
MARION GIGER LEILA GIGER,0.0,PERSON
Molly Campbell,0.0,PERSON
MALINDA GRABER IVAN GRABER MERLE GRABER,0.0,PERSON
MOSE YODER,0.0,PERSON
Marion Keim,0.0,PERSON
Myron J Hochstetler,0.0,PERSON
MARION MILLER,0.0,PERSON
Marion Nisley,0.0,PERSON
NATHAN MILLER,0.0,PERSON
MARJORIE EASTWOOD,0.0,PERSON
Neil Dierking Deb Dierking,0.0,PERSON
Marjorie Phillips,0.0,PERSON
Neva Schlabach,0.0,PERSON
MARJORIE PHILLIPS THOMAS PHILLIPS,0.0,PERSON
Noah J Miller,0.0,PERSON
Madeline Carol Gray,0.0,PERSON
NORMAN  YODER,0.0,PERSON
MARK  GRABER,0.0,PERSON
Mark and Kristina Mast,0.0,PERSON
Orva Miller,0.0,PERSON
MARK ERB,0.0,PERSON
Mark Glick,0.0,PERSON
MICHAEL  WEAVER,0.0,PERSON
Mark Greenup Connie Greenup,0.0,PERSON
MICHAEL GARBER,0.0,PERSON
Mark J Mast,0.0,PERSON
Michael Schmucker,0.0,PERSON
Mark Kauffman,0.0,PERSON
Michelle Anderson,0.0,PERSON
Michelle Jones,0.0,PERSON
Mike and Carol Ford,0.0,PERSON
MARK LANDERS,0.0,PERSON
Mike Moore,0.0,PERSON
MARK LYNCH,0.0,PERSON
Milan Yoder,0.0,PERSON
Mark Mason,0.0,PERSON
Milton Lewis,0.0,PERSON
Mahlon Miller,0.0,PERSON
Marcus Wittmer,0.0,PERSON
Mark Riley,0.0,PERSON
Mark Schultz Dorinda Schultz,0.0,PERSON
Moses S Glick,0.0,PERSON
Mark Wehling,0.0,PERSON
MYRA J. BURROW,0.0,PERSON
Mark Yoder,0.0,PERSON
Marla Yeubanks Kevin Yeubanks,0.0,PERSON
NANCY MAGNUSSON KEN MAGNUSSON,0.0,PERSON
MARLENE BRANDENBERGER,0.0,PERSON
Nancy Waugh,0.0,PERSON
MARLENE BUNDY,0.0,PERSON
Nathan Hochstetler,0.0,PERSON
Marlene Zimmerman,0.0,PERSON
NATHAN STEURY,0.0,PERSON
MARLIN BEACHY,0.0,PERSON
Marlin Brubacher,0.0,PERSON
Nelson Diener,0.0,PERSON
Marlin David Stoll,0.0,PERSON
Nelson Yoder,0.0,PERSON
MARLIN DETWEILER,0.0,PERSON
Margaret Hooks,0.0,PERSON
Marlin E Wagler,0.0,PERSON
Marlin Graber,0.0,PERSON
Noah R Yoder,0.0,PERSON
MARLIN HOSTETLER,0.0,PERSON
NORMA BRAKEFIELD,0.0,PERSON
MARLIN MILLER,0.0,PERSON
NORMAN GINGERICH,0.0,PERSON
Marlin Otto Karen Otto,0.0,PERSON
Marlin R Knepp,0.0,PERSON
OLEN  KEMP,0.0,PERSON
MARLIN RABER,0.0,PERSON
ORLAN  MILLER,0.0,PERSON
Marlin Sauder,0.0,PERSON
MARLIN TROYER,0.0,PERSON
MARLIN WOLTER BETTY WOLTER,0.0,PERSON
Pam Knapp,0.0,PERSON
MARLIN YODER,0.0,PERSON
Micah  Alford Jackie Alford,0.0,PERSON
Marlin Zimmerman,0.0,PERSON
Michael and Kimberly Ruede,0.0,PERSON
MARLTON DE NEUI PAUL DE NEUI,0.0,PERSON
Michael Fisher,0.0,PERSON
Marsha Allison,0.0,PERSON
MICHAEL KNUDTSON,0.0,PERSON
Marsha Freeman,0.0,PERSON
Michael Raber,0.0,PERSON
Marsha Huffman,0.0,PERSON
MICHAEL SMITH,0.0,PERSON
Marsha Schmidt-Janes,0.0,PERSON
Michele Cansler,0.0,PERSON
MICHELLE FRIDDLE,0.0,PERSON
Marta I Gonzalez,0.0,PERSON
MICHELLE SONNENBERG,0.0,PERSON
Martha Miller Christopher Miller,0.0,PERSON
Martha Mullett,0.0,PERSON
Mike Boggan,0.0,PERSON
Martha Paula and Bill Lovelace,0.0,PERSON
Mike West Sharon West,0.0,PERSON
Marcus Schmucker,0.0,PERSON
Martha Troyer,0.0,PERSON
Martha Wagler,0.0,PERSON
MARTHA WENGER,0.0,PERSON
MIRIAM HOOVER,0.0,PERSON
Martin & Cory Blum,0.0,PERSON
Misty Crane,0.0,PERSON
Martin and Barbara Hammen,0.0,PERSON
Mockingbird Hill Kennel,0.0,PERSON
Monica Buerger,0.0,PERSON
MARTIN MILLER,0.0,PERSON
Marcus Yoder,0.0,PERSON
Martin Steury,0.0,PERSON
MARTIN WAGLER,0.0,PERSON
MOSE NISLEY,0.0,PERSON
Moses Lee,0.0,PERSON
MARTY HALL DUSTIN HALL,0.0,PERSON
Moses Zimmerman,0.0,PERSON
Marty Murray,0.0,PERSON
Marty Swartzentruber,0.0,PERSON
Myron and Naomi Yoder,0.0,PERSON
Marty Wagler,0.0,PERSON
Mardee Lincoln,0.0,PERSON
MARTY YODER SERENA YODER,0.0,PERSON
MARGARET BAKER,0.0,PERSON
Marvin & Naomi Lengacher,0.0,PERSON
Nancy Locke,0.0,PERSON
NANCY O CONNOR,0.0,PERSON
Marvin and Vera Yutzy,0.0,PERSON
NANCY SCHOMBERG,0.0,PERSON
Marcella Meyer Bill Meyer,0.0,PERSON
Nancy Youngblood,0.0,PERSON
MARVIN BURKHOLDER MALINDA  BURKHOLDER,0.0,PERSON
Nathan Fleming,0.0,PERSON
Marvin Cobb,0.0,PERSON
Nathan L Wagler,0.0,PERSON
Marvin Coblentz,0.0,PERSON
NATHAN OTTO,0.0,PERSON
Marvin Graber Barbara Graber,0.0,PERSON
Nathan Weaver Lillian Weaver,0.0,PERSON
MARVIN HERSHBERGER,0.0,PERSON
Nathanael Martin Noretta Martin,0.0,PERSON
Marvin Hilty,0.0,PERSON
Neal Ramer,0.0,PERSON
MARVIN HOCHSTETLER,0.0,PERSON
Nelson and LeAnna Yoder,0.0,PERSON
Marvin Huston and Jacob Holycross,0.0,PERSON
NELSON HOOVER,0.0,PERSON
Marvin J Yoder,0.0,PERSON
Nelson W Graber,0.0,PERSON
Marvin Kemp,0.0,PERSON
Nettie Harris,0.0,PERSON
MARVIN LEE KNEPP,0.0,PERSON
Nicholas L Wagler,0.0,PERSON
Marvin Lee Oberholtzer,0.0,PERSON
Margaret Howerton,0.0,PERSON
MARVIN LENGACHER,0.0,PERSON
NILA SUE CLARK,0.0,PERSON
MARVIN MILLER,0.0,PERSON
Noah Cressel George Cressel Amanda Cressel,0.0,PERSON
Mahlon S Beachy,0.0,PERSON
Margaret Manning,0.0,PERSON
Marvin Raber,0.0,PERSON
NOAH ZOOK,0.0,PERSON
MARVIN RAY STOLL,0.0,PERSON
NORENE LUCAS,0.0,PERSON
Marvin Schmucker,0.0,PERSON
Margaret Smith,0.0,PERSON
Marvin Sing Jr,0.0,PERSON
Norman and Ida Gingerich,0.0,PERSON
Marvin Troyer,0.0,PERSON
Norman Hershberger & Steve Kaffman,0.0,PERSON
Marvin Wagler,0.0,PERSON
Margie French,0.0,PERSON
Marvin Yoder,0.0,PERSON
Mary  Harrison,0.0,PERSON
Mary  Pierson,0.0,PERSON
Mary  Pierson Alison  Baudin,0.0,PERSON
ORIN MAST,0.0,PERSON
Mary & Lee Roy Bearden,0.0,PERSON
Orlie Yoder,0.0,PERSON
Marcia Mayo,0.0,PERSON
Orvin Lee Yoder,0.0,PERSON
Mary Alexander,0.0,PERSON
OWEN BEECHY,0.0,PERSON
Mary and Alvin Good,0.0,PERSON
Mahlon E Schwartz,0.0,PERSON
Mary and Corey Boswell,0.0,PERSON
P J SHUNKWILER,0.0,PERSON
Mary Ann Bontrager,0.0,PERSON
PAM COENEN-SIEG,0.0,PERSON
Mary Ann McGregor,0.0,PERSON
MARIA BEACHY,0.0,PERSON
Mary Catherine Raber,0.0,PERSON
Mary Clark,0.0,PERSON
MICHAEL  ROAM,0.0,PERSON
Mary Ducote,0.0,PERSON
MARCUS RABER,0.0,PERSON
Marcia Smith,0.0,PERSON
Michael Bontrager,0.0,PERSON
Mary Forsyth,0.0,PERSON
Michael E Troyer,0.0,PERSON
MARY FOSTER CATHY GRIESBAUER,0.0,PERSON
Mary Hall,0.0,PERSON
Michael Higby,0.0,PERSON
Mary Huninghake,0.0,PERSON
MICHAEL KOOIKER BEVERLY KOOIKER,0.0,PERSON
Mary Jenkins,0.0,PERSON
Michael L Troyer,0.0,PERSON
Mary Johnson,0.0,PERSON
MICHAEL SCHLABACH,0.0,PERSON
Mary Lou Blaine,0.0,PERSON
MICHAEL SCHWARTZ,0.0,PERSON
MICHAEL TROYER,0.0,PERSON
Mary Miller,0.0,PERSON
MICHELE  BABBITT,0.0,PERSON
Maggie J Bullock,0.0,PERSON
Michele George,0.0,PERSON
Mary Nisley,0.0,PERSON
Michelle Collins  Ranol Collins,0.0,PERSON
MARY NOBLITT,0.0,PERSON
MICHELLE HALL,0.0,PERSON
MARY OLMSTED,0.0,PERSON
Michelle Riggs,0.0,PERSON
MARY PELTON,0.0,PERSON
Michelle Williams,0.0,PERSON
Mary Ramer,0.0,PERSON
MICKEY BENTLEY ELVA BENTLEY TY BENTLEY,0.0,PERSON
Mary Wallace,0.0,PERSON
Marcus Gingerich,0.0,PERSON
Mike and Sharon West,0.0,PERSON
Mary Yoder,0.0,PERSON
Mike Decker,0.0,PERSON
Maryann Otto,0.0,PERSON
Mike Twitchell Jr,0.0,PERSON
MARYELLEN DEUTSCHLE,0.0,PERSON
Mike Widner Donna Widner,0.0,PERSON
Matt and Barb Zimmerman,0.0,PERSON
MIKE ZEIGER ROBBIE ZEIGER VICKY ZEIGER TAMMY ZEIGER,0.0,PERSON
MARCUS GRABER,0.0,PERSON
MILAN KEIM,0.0,PERSON
Matt Ory,0.0,PERSON
Mildred Parmley New,0.0,PERSON
MATT PARK,0.0,PERSON
Matt Pugh,0.0,PERSON
Matthan Schwartz,0.0,PERSON
MILTON BONTRAGER,0.0,PERSON
MATTHEW  GRABER,0.0,PERSON
Mindy Guinn,0.0,PERSON
Matthew & Kayla Raber,0.0,PERSON
Miriam Miller,0.0,PERSON
Matthew A Miller,0.0,PERSON
Misti Fykstra Jason Fykstra,0.0,PERSON
Matthew and Amanda Condren,0.0,PERSON
MARCUS WAGLER,0.0,PERSON
Matthew and Sara Kuhns,0.0,PERSON
MK Acres,0.0,PERSON
Matthew D. and Angie Zimmerman,0.0,PERSON
Matthew Eicher,0.0,PERSON
Molly Francy,0.0,PERSON
MATTHEW HERSCHBERGER,0.0,PERSON
MONICA SHEELEY,0.0,PERSON
Matthew Hilty,0.0,PERSON
Monroe Herschberger,0.0,PERSON
Matthew Hochstetler,0.0,PERSON
MONROE HOCHSTETLER JONATHAN DETWEILER,0.0,PERSON
Matthew J Eicher,0.0,PERSON
Monty Troyer Darci Troyer Ron Troyer Melissa Troyer Brett Troyer Braden Troyer,0.0,PERSON
Matthew J Schwartz,0.0,PERSON
Matthew Kuhns Sara Kuhns,0.0,PERSON
MOSE HERSHBERGER,0.0,PERSON
Matthew Lambright,0.0,PERSON
MOSE TROYER,0.0,PERSON
Matthew Miller,0.0,PERSON
MOSES LANTZ,0.0,PERSON
Matthew R Zimmerman,0.0,PERSON
Moses MK Schwartz,0.0,PERSON
Matthew Schwartz,0.0,PERSON
Moses Schrock,0.0,PERSON
Matthew Sensenig,0.0,PERSON
MOSES ZIMMERMAN ANNA ZIMMERMAN,0.0,PERSON
MATTHEW YODER,0.0,PERSON
MATTIE  MILLER,0.0,PERSON
Myra Conover Allen Conover,0.0,PERSON
MATTIE BONTRAGER PERRY BONTRAGER,0.0,PERSON
Maudie Annette Ramsey,0.0,PERSON
Myron Graber,0.0,PERSON
Marcus K Lantz,0.0,PERSON
Myron Miller,0.0,PERSON
Max and Diane Garrett,0.0,PERSON
MAYDEEN   RUDROFF,0.0,PERSON
Maynard and Christina Miller,0.0,PERSON
NANCY CRANFORD,0.0,PERSON
MB KENNEL,0.0,PERSON
NANCY JOHNSON  D.V.M.,0.0,PERSON
Nancy Long,0.0,PERSON
MC CREARY KENNEL L L C,0.0,PERSON
Nancy Nentrup,0.0,PERSON
Marcus Kaufman,0.0,PERSON
NANCY OGLE,0.0,PERSON
MEAD FREEMAN,0.0,PERSON
Nancy Roeder,0.0,PERSON
Nancy Van Holland,0.0,PERSON
Nancy Williams Martin Williams,0.0,PERSON
Megan Ramm,0.0,PERSON
Natalie Connally,0.0,PERSON
Megan Weatherman,0.0,PERSON
NATHAN  LENGACHER,0.0,PERSON
Mel Otto,0.0,PERSON
NATHAN GRABER LELA GRABER,0.0,PERSON
Melanie Moore Mike Moore,0.0,PERSON
Nathan L Miller,0.0,PERSON
Melinda Wiemann,0.0,PERSON
Nathan Mast,0.0,PERSON
Melissa A Bacon,0.0,PERSON
Nathan Nisley,0.0,PERSON
Melissa Allen,0.0,PERSON
NATHAN SCHWARTZ,0.0,PERSON
Melissa Bilbruck Payne,0.0,PERSON
Nathan Wagler,0.0,PERSON
Melissa Greer,0.0,PERSON
NATHAN WHETSTONE,0.0,PERSON
MELISSA KLOCKE,0.0,PERSON
"Margaret Cook, William Peters",0.0,PERSON
MELISSA MILLER,0.0,PERSON
NATHANIEL HERSHBERGER,0.0,PERSON
Melody Boltz,0.0,PERSON
Neal Feldkamp,0.0,PERSON
Maggie J Schwartz,0.0,PERSON
Margaret Graber,0.0,PERSON
Marcus L Knepp,0.0,PERSON
Neil J Miller,0.0,PERSON
Melvin Dennis Thurman,0.0,PERSON
Nelson and Lucille Weaver,0.0,PERSON
Melvin E Yoder,0.0,PERSON
Margaret Graber Amanda Gaines Smith,0.0,PERSON
MELVIN GRABER,0.0,PERSON
Nelson Miller,0.0,PERSON
Melvin Hershberger,0.0,PERSON
Nelson Reiff,0.0,PERSON
MELVIN JENNINGS,0.0,PERSON
Nelson Wenger,0.0,PERSON
Melvin Knepp,0.0,PERSON
Nenita Morgan,0.0,PERSON
Melvin Mast,0.0,PERSON
NETTIE LETTERMAN,0.0,PERSON
Melvin Miller,0.0,PERSON
NEWELL ROBERTSON VALINDA ROBERTSON,0.0,PERSON
Melvin Mishler,0.0,PERSON
Nicholas Perugini,0.0,PERSON
Melvin Nisley,0.0,PERSON
Nichole Richey,0.0,PERSON
Melvin Otto Wanda Otto,0.0,PERSON
Nicki Lawson,0.0,PERSON
Melvin Schmucker,0.0,PERSON
Nikki Burnside,0.0,PERSON
Melvin Shirk,0.0,PERSON
Nina Harrell,0.0,PERSON
MELVIN THIESEN,0.0,PERSON
Noah Beachy,0.0,PERSON
Melvin Troyer,0.0,PERSON
Noah Herschberger Ervin Herschberger,0.0,PERSON
Melvin Wagler,0.0,PERSON
Noah Lee,0.0,PERSON
Melvin Yoder,0.0,PERSON
Noah Peachey,0.0,PERSON
Noah Shetler,0.0,PERSON
Margaret Odle,0.0,PERSON
Marcus Lambright,0.0,PERSON
Margaret Schultz Scott Schultz,0.0,PERSON
MENNO SCHWARTZ,0.0,PERSON
Norisa White,0.0,PERSON
MENNO WAGLER EMMA WAGLER,0.0,PERSON
Margaret Schwartz,0.0,PERSON
MENNO YODER,0.0,PERSON
MARGARET WILLIS,0.0,PERSON
MENNO ZOOK,0.0,PERSON
Norman A Yoder,0.0,PERSON
Mercedes Thompson,0.0,PERSON
Norman Beck,0.0,PERSON
MERI VIERKANT,0.0,PERSON
Norman Hershberger,0.0,PERSON
Merle  Coblentz,0.0,PERSON
NORMAN KEIM,0.0,PERSON
Marcus Leck,0.0,PERSON
Norman Schmucker,0.0,PERSON
PAM Mc LIN,0.0,PERSON
NORREVA SIMMONS,0.0,PERSON
Pam Middleton,0.0,PERSON
Pam Owen,0.0,PERSON
Mahlon Lambright,0.0,PERSON
MARCUS MILLER,0.0,PERSON
PAT MC GURK,0.0,PERSON
OMER MILLER,0.0,PERSON
Patricia Cheatwood,0.0,PERSON
PATRICIA COLVIN,0.0,PERSON
ORA TROYER,0.0,PERSON
Mabel Zimmerman,0.0,PERSON
Orla Nisley,0.0,PERSON
Mervin E Yoder,0.0,PERSON
Orlie Otto,0.0,PERSON
Mervin Hershberger,0.0,PERSON
ORUS MAST,0.0,PERSON
Mervin J Miller,0.0,PERSON
Orvan Beechy,0.0,PERSON
MERVIN J RABER,0.0,PERSON
Mervin J Schwartz,0.0,PERSON
MARGIE SINK,0.0,PERSON
MERVIN KING,0.0,PERSON
Owen Burkholder,0.0,PERSON
MERVIN MILLER,0.0,PERSON
OWEN HERSHBERGER,0.0,PERSON
Mervin Miller Lizzie Miller,0.0,PERSON
Mervin Raber,0.0,PERSON
Mervin Ramer,0.0,PERSON
Mervin Ray Graber,0.0,PERSON
Paige  Robinson Johnny Robinson,0.0,PERSON
MERVIN SCHWARTZ,0.0,PERSON
Mervin Yoder Lizzie Yoder,0.0,PERSON
Mari Pati,0.0,PERSON
Mervin Z Horst,0.0,PERSON
Pam Miller,0.0,PERSON
Pamela Lynn Allen,0.0,PERSON
Pam Wilson,0.0,PERSON
Pamela Suzanne Parker,0.0,PERSON
Pamela Sellers,0.0,PERSON
Merle Yoder,0.0,PERSON
Merlene Johnson,0.0,PERSON
Pat Bagwell,0.0,PERSON
MERLIN  MILLER,0.0,PERSON
Merlin Bontrager,0.0,PERSON
Merlin J Yoder,0.0,PERSON
Patricia Coleman,0.0,PERSON
Merlin Miller,0.0,PERSON
Patricia Finch,0.0,PERSON
MERLIN YODER,0.0,PERSON
MERRY GUMM,0.0,PERSON
Luis Gonzalez,0.0,PERSON
LINDA BEAN,0.0,PERSON
LEROY MILLER,0.0,PERSON
Karen Jones,0.0,PERSON
"Karen Kennedy, Randy Kennedy",0.0,PERSON
LELA R. WITTMER,0.0,PERSON
Karen Kester,0.0,PERSON
Levi J Hershberger Freda D Hershberger,0.0,PERSON
Karen Kimbrough,0.0,PERSON
Karen McCullough,0.0,PERSON
Lori Ann Winters Carl Michael Winters,0.0,PERSON
Karen Miller,0.0,PERSON
Leah and Roger Yoder,0.0,PERSON
KAREN NORDQUIST,0.0,PERSON
LEON HOSTETLER,0.0,PERSON
Karen Nordquist John Nordquist,0.0,PERSON
Lester Troyer,0.0,PERSON
Karen Rice,0.0,PERSON
LEVI YODER,0.0,PERSON
Karen Ricketts Gene Ricketts,0.0,PERSON
Linda L Crane,0.0,PERSON
KAREN SCHMIDT,0.0,PERSON
LISA ERDENBERGER VLAIR ERDENBERGER,0.0,PERSON
KAREN SCOTT,0.0,PERSON
Karen Brumm Douglas Brumm,0.0,PERSON
KAREN SILKWOOD,0.0,PERSON
KAREN WEBER,0.0,PERSON
Lyndal Swartzentruber,0.0,PERSON
Kari Ann Leroy,0.0,PERSON
Lee Stadel,0.0,PERSON
Kari Eppert,0.0,PERSON
Lenzy Smith,0.0,PERSON
Karin Belden,0.0,PERSON
Leon Yoder LuAnn Yoder,0.0,PERSON
Karl L Yoder,0.0,PERSON
Leslie Albert,0.0,PERSON
Karla Warner,0.0,PERSON
Levi D. Miller Daniel L. Miller,0.0,PERSON
Karma Habiger,0.0,PERSON
Levi S Stoltzfus,0.0,PERSON
Kasey Ellison,0.0,PERSON
KAREAWAY KENNELS,0.0,PERSON
KASEY LOWRIE,0.0,PERSON
Karen  Becker,0.0,PERSON
Kasey Simpson,0.0,PERSON
Linda Wagler,0.0,PERSON
Lisa  Woodyard Terry Woodyard,0.0,PERSON
KATHERINE BORNTREGER AARON BORNTREGER,0.0,PERSON
Lloyd Buck,0.0,PERSON
KATHERINE REECE DON REECE,0.0,PERSON
Lonnie Herschberger Louise Herschberger Larry Herschberger,0.0,PERSON
Katherine Reed,0.0,PERSON
Loren J. Wagler,0.0,PERSON
KATHERINE STEINBACH,0.0,PERSON
Lou Ann Brown,0.0,PERSON
Kathi Cooper,0.0,PERSON
LOWELL DEMAREE CAROLYN DEMAREE,0.0,PERSON
Kathie Detweiler,0.0,PERSON
LYDIA WAGLER DONNIE WAGLER IRENE WAGLER,0.0,PERSON
Kathleen O Martin,0.0,PERSON
Lynn Yoder,0.0,PERSON
Kathleen Ramer,0.0,PERSON
Leann Terrill,0.0,PERSON
Kathrine Stauffer,0.0,PERSON
Legend Bullz,0.0,PERSON
Kathryn Michaels Robert Pierce,0.0,PERSON
Lena Sensenig,0.0,PERSON
Kathryn Sue Sunnenberg,0.0,PERSON
Leon A Yoder,0.0,PERSON
LEON MILLER,0.0,PERSON
Kathryn Totten,0.0,PERSON
LEROY  YODER,0.0,PERSON
Kathy Brown,0.0,PERSON
Leroy Yoder and Martha Jean Yoder,0.0,PERSON
Kathy Darter,0.0,PERSON
Lester Dean Knepp,0.0,PERSON
Kathy Embrey,0.0,PERSON
LEVI  HOSTETLER,0.0,PERSON
KATHY HAMBLEN,0.0,PERSON
LEVI HERSHBERGER JR,0.0,PERSON
Kathy Hammond,0.0,PERSON
Levi M Stoltzfus,0.0,PERSON
KATHY KNOLL LARRY KNOLL,0.0,PERSON
LEVI TROYER LOVINA TROYER,0.0,PERSON
KATHY KRONER,0.0,PERSON
LEWIS GRAGE,0.0,PERSON
KATHY MARTIN AARON MARTIN,0.0,PERSON
LILLIE JAMES,0.0,PERSON
Kathy Meringdol,0.0,PERSON
LINDA BUTLER,0.0,PERSON
"Kathy Parish, Caleb Nichols",0.0,PERSON
Linda Jarrell Glenda Cobb,0.0,PERSON
Kathy Russell,0.0,PERSON
LINDA PICKERING CHARLES PICKERING,0.0,PERSON
Kathy Sanborn,0.0,PERSON
Linda Winship,0.0,PERSON
Kathy Slobe,0.0,PERSON
LINETTE SWARR,0.0,PERSON
Kathy Uder,0.0,PERSON
Lisa Cardenzana,0.0,PERSON
KATHY WHITE,0.0,PERSON
Lisa Madl,0.0,PERSON
KATHY ZOMER,0.0,PERSON
Justin Raber,0.0,PERSON
Katie A Gingerich,0.0,PERSON
Lonnie & Shelly Cox,0.0,PERSON
KATIE GINGERICH,0.0,PERSON
Lora A Berry,0.0,PERSON
Katie Keener,0.0,PERSON
LOREN  MILLER,0.0,PERSON
Katie L Mast,0.0,PERSON
KAREN COTTRELL,0.0,PERSON
Katie Lengacher,0.0,PERSON
LORI NOLT,0.0,PERSON
Katie Miller Merle Miller,0.0,PERSON
LOUIS A GRABER,0.0,PERSON
KATRINA OVERCAST,0.0,PERSON
Lovella Lawson,0.0,PERSON
KATY BORKHOLDER EZRA  BORKHOLDER,0.0,PERSON
Lucile Zimmerman,0.0,PERSON
Kayann Herrman,0.0,PERSON
Karen DeRagon,0.0,PERSON
Kayla Bonham,0.0,PERSON
Karen Hoover,0.0,PERSON
Kayla McGehee,0.0,PERSON
Lynn Long,0.0,PERSON
Kayla Mulder,0.0,PERSON
Kayla Stoll,0.0,PERSON
LEAH YODER,0.0,PERSON
KAYLA VANDIVER,0.0,PERSON
Leanna Kurtz,0.0,PERSON
Kayle Stump,0.0,PERSON
Lela Hughs,0.0,PERSON
Leland Rozeboom,0.0,PERSON
Keely McKee,0.0,PERSON
Lendar Kennels,0.0,PERSON
KEISHA MORELAND,0.0,PERSON
Leo and Alice Kenkel,0.0,PERSON
KEITH  PLANK,0.0,PERSON
Leon and LuAnn Yoder,0.0,PERSON
Keith and Penny Wingo,0.0,PERSON
Leon J Miller,0.0,PERSON
Keith Chupp,0.0,PERSON
Leon Schlabach,0.0,PERSON
Keith Dotson Tawny Dotson,0.0,PERSON
Leonard Bontrager,0.0,PERSON
Keith Harris,0.0,PERSON
LEROY D YODER,0.0,PERSON
Keith Irwin,0.0,PERSON
LEROY SCHLABACH,0.0,PERSON
Keith Jensen,0.0,PERSON
Les and Julie Geurin,0.0,PERSON
Keith Kahlo and Michelle Kumke,0.0,PERSON
Leslie Rogers,0.0,PERSON
Keith Linenbrink Janease Linenbrink,0.0,PERSON
LESTER MARTIN,0.0,PERSON
KEITH MILLER,0.0,PERSON
Lester Yoder,0.0,PERSON
KEITH PILES RHONDA PILES,0.0,PERSON
Levi Borntrager,0.0,PERSON
Keith Rozin & Anna Odle,0.0,PERSON
LEVI ERB,0.0,PERSON
Keith Rozin Joann Rozin,0.0,PERSON
Levi J & Fannie Borntreger,0.0,PERSON
Keith Schweitzer,0.0,PERSON
Levi Kurtz,0.0,PERSON
Keitha Horn,0.0,PERSON
LEVI NISLEY,0.0,PERSON
Keli Shover Lynn Watts,0.0,PERSON
Levi Stoltzfus,0.0,PERSON
Kelly Brown,0.0,PERSON
Levi Wagler Abraham Graber,0.0,PERSON
Kelly Degen Faye Degen,0.0,PERSON
Lewis & Lamar Kaufman,0.0,PERSON
KELLY ESSARY,0.0,PERSON
Lexi N Shelton,0.0,PERSON
Kelly Hoyt,0.0,PERSON
LILLIAN WALLACE,0.0,PERSON
Kelly Jones Steven Jones,0.0,PERSON
Linda Banwart,0.0,PERSON
Kelly Luttrell,0.0,PERSON
LINDA BURRIER,0.0,PERSON
Kelly Schelling,0.0,PERSON
Linda Fears,0.0,PERSON
Kelly Simpson,0.0,PERSON
Linda Hope,0.0,PERSON
Kelly Young,0.0,PERSON
LINDA JUSTASON C JUSTASON,0.0,PERSON
Kemp Kennels,0.0,PERSON
LINDA MCALPIN,0.0,PERSON
KEMPS KENNELLS,0.0,PERSON
Linda Swarr,0.0,PERSON
KEN HOWARD LOIS HOWARD,0.0,PERSON
LINDA WILCOX,0.0,PERSON
KEN WAUGH BETH WAUGH,0.0,PERSON
"Linda, Stanley, and Bethany Korver",0.0,PERSON
KENDALL BLOSSER,0.0,PERSON
Lindsey Forquer,0.0,PERSON
Kendall Wright,0.0,PERSON
Linn Scharn,0.0,PERSON
Kendra Reiff,0.0,PERSON
Lisa Boyd,0.0,PERSON
KENDRA RICHARDS,0.0,PERSON
Lisa Cox,0.0,PERSON
Kendrick Raber,0.0,PERSON
LISA HANTEN,0.0,PERSON
Kenneth  Shelton Ellora Jane Shelton,0.0,PERSON
KENNETH  WASHAUSEN,0.0,PERSON
Lloyd Z. Nolt,0.0,PERSON
KENNETH ANGLIN,0.0,PERSON
Lois Howard Kim Stark,0.0,PERSON
Kenneth Baker Kristina Baker Linda Baker Linda McClary,0.0,PERSON
Lonnie Gingerich,0.0,PERSON
KENNETH BEATY SR.,0.0,PERSON
LONNIE WITTMER,0.0,PERSON
Kenneth Garman,0.0,PERSON
Lora Brammer Glen  Brammer,0.0,PERSON
Kenneth J Graber,0.0,PERSON
LORELEI JENNINGS,0.0,PERSON
Kenneth Martin,0.0,PERSON
Loren Graber,0.0,PERSON
KENNETH MILLER,0.0,PERSON
Loren Nolt,0.0,PERSON
Kenneth Orrell,0.0,PERSON
Loretta Leinbach,0.0,PERSON
Kenneth Ray Stoll,0.0,PERSON
LORI CLAYCAMP,0.0,PERSON
KENNETH SCHLABACH,0.0,PERSON
LORRAINE FAUS,0.0,PERSON
Kenneth Schmucker,0.0,PERSON
Louella Burkholder,0.0,PERSON
Kenneth Troyer,0.0,PERSON
Louise Hite,0.0,PERSON
Kenneth W Yoder,0.0,PERSON
Kenneth Waugh,0.0,PERSON
Kenneth Zimmerman,0.0,PERSON
Kenny Joe Knepp,0.0,PERSON
Lucinda Rissler,0.0,PERSON
KENNY WAGLER,0.0,PERSON
Luke and Waneta Miller,0.0,PERSON
Kent Horn Ellen Horn,0.0,PERSON
Lydia Ann Beachy Harvey Beachy,0.0,PERSON
LYLE HOCHSTETLER,0.0,PERSON
Kerri Farris,0.0,PERSON
LYLE RENNER JOHN RENNER,0.0,PERSON
Kerri Zomer Matt Zomer,0.0,PERSON
Lynette Addison,0.0,PERSON
Kerry Wittmer,0.0,PERSON
Lynn Stewart,0.0,PERSON
KEVIN  BONTRAGER,0.0,PERSON
KEVIN  WITTMER,0.0,PERSON
Lea Jacobs,0.0,PERSON
Kevin and Janette Hatfield,0.0,PERSON
Leah Green Floy Green,0.0,PERSON
Kevin Beechy,0.0,PERSON
LeAnn Roy,0.0,PERSON
KEVIN ELSEA TERESA ELSEA,0.0,PERSON
LEANNA GRABER RYAN GRABER,0.0,PERSON
Kevin Hall,0.0,PERSON
Lee and Janet Zimmerman,0.0,PERSON
KEVIN JAY GRABER,0.0,PERSON
KEVIN KACHMARYK,0.0,PERSON
Kamber Beller,0.0,PERSON
KEVIN KNEPP,0.0,PERSON
Lela R Wittmer,0.0,PERSON
Kevin Miller,0.0,PERSON
Leland D. Wagler,0.0,PERSON
KEVIN NEFF SHARON NEFF,0.0,PERSON
LENA OBERHOLTZER,0.0,PERSON
Kevin Ray Miller,0.0,PERSON
Lena Troyer,0.0,PERSON
Kevin Street,0.0,PERSON
Lenny Hostetler,0.0,PERSON
Kevin Taylor,0.0,PERSON
LENZY SMITH DEBORAH SMITH,0.0,PERSON
Kevin Wagler,0.0,PERSON
Leon A Miller,0.0,PERSON
Kevin Wagler Rachel Wagler,0.0,PERSON
LEON A. YODER,0.0,PERSON
Kevin Yoder & Rhoda Yoder,0.0,PERSON
Leon Bontrager,0.0,PERSON
KEVIN ZIMMERMAN,0.0,PERSON
Leon I Miller,0.0,PERSON
Kim Gray,0.0,PERSON
Leon Jay Troyer,0.0,PERSON
Kandy Hale,0.0,PERSON
Kimberely Higgins,0.0,PERSON
Kimberley Toombs,0.0,PERSON
LEONA WIENHAUS,0.0,PERSON
Kimberlie Thetford,0.0,PERSON
Leonard Good,0.0,PERSON
Kimberly Ann Gilmore,0.0,PERSON
KAREN HICKS DANNY HICKS,0.0,PERSON
Karen Hubbard,0.0,PERSON
LEROY ESH,0.0,PERSON
Kara Crass,0.0,PERSON
Leroy S Borntreger,0.0,PERSON
LEROY WEAVER,0.0,PERSON
Kody Killingsworth,0.0,PERSON
Leroy Zimmerman,0.0,PERSON
Lesli Mecom,0.0,PERSON
Leslie French,0.0,PERSON
Kris A Goodman,0.0,PERSON
LESTER D MILLER,0.0,PERSON
KRIS MACKAY,0.0,PERSON
Lester Kemp,0.0,PERSON
KRISTEN HURST,0.0,PERSON
Lester Schlabach,0.0,PERSON
Kristen Joe Knepp,0.0,PERSON
Lester Wagler,0.0,PERSON
Kristi Rath,0.0,PERSON
LEVI  BORNTRAGER REBECCA BORNTRAGER,0.0,PERSON
Levi A Erb,0.0,PERSON
Kristin Cooper,0.0,PERSON
Levi D Troyer,0.0,PERSON
KRISTINA ERICSON,0.0,PERSON
Levi E Borntrager,0.0,PERSON
Kristine Spears,0.0,PERSON
Kara Miller,0.0,PERSON
Kristine Stutzman Darin Stutzman,0.0,PERSON
Levi Hertzler,0.0,PERSON
Kristy A Hoerath,0.0,PERSON
Levi J and Samuel Petersheim,0.0,PERSON
KRISTY JAMROZ,0.0,PERSON
Levi J Miller,0.0,PERSON
Levi Lawrence,0.0,PERSON
Krystal Tangeman,0.0,PERSON
Levi Miller,0.0,PERSON
LEVI RABER,0.0,PERSON
Levi Snow,0.0,PERSON
Kurtis and Kayla Butler,0.0,PERSON
LEVI TROYER,0.0,PERSON
Kyle D Fry,0.0,PERSON
LEVI WAGLER,0.0,PERSON
Kyle Dugger,0.0,PERSON
LEVI WILLIAM HELMUTH,0.0,PERSON
Kyle Holtkamp,0.0,PERSON
"Levi, Daniel, Jeremy and Titus Miller",0.0,PERSON
KYLIE BYRN,0.0,PERSON
Lewis Bloom,0.0,PERSON
Kylie D Good,0.0,PERSON
LEWIS YUTZY,0.0,PERSON
Lillian I. Lehman,0.0,PERSON
LA DONNA DAILEY,0.0,PERSON
LILLIE GRABER JOHN GRABER,0.0,PERSON
Lacey Kauffman,0.0,PERSON
Linda and Ervin Yoder,0.0,PERSON
Lacey Staub-Muller,0.0,PERSON
Linda Barton Richard Barton,0.0,PERSON
Ladon Miller,0.0,PERSON
Linda Brasher,0.0,PERSON
Linda Buscher,0.0,PERSON
Linda C Andersen,0.0,PERSON
LAMAR  ZIMMERMAN,0.0,PERSON
Linda Gray,0.0,PERSON
LAMAR AND JOLENE YODER,0.0,PERSON
Linda Hewitt,0.0,PERSON
Lamar and Rose Zimmerman,0.0,PERSON
LINDA ISENSEE,0.0,PERSON
Kacey McGowan,0.0,PERSON
Linda Jorgenson,0.0,PERSON
Lamar Graber,0.0,PERSON
Linda Kent,0.0,PERSON
Lamar M Zimmerman,0.0,PERSON
Linda Leach,0.0,PERSON
Lamar Martin,0.0,PERSON
Linda Mulder,0.0,PERSON
Lamar Miller,0.0,PERSON
Linda Schacht,0.0,PERSON
Lana Arnall,0.0,PERSON
Karen and Douglas Brumm,0.0,PERSON
Landon Headings,0.0,PERSON
LINDA WANAMAKER,0.0,PERSON
Linda Williams and Matt Williams,0.0,PERSON
Laquica Watts,0.0,PERSON
LINDA WULFF-RISNER,0.0,PERSON
LINDELL CORIASCO,0.0,PERSON
LARRY  KNOLL,0.0,PERSON
LINDSAY  HOLT,0.0,PERSON
Larry & Clarence Otto,0.0,PERSON
Karen Baker,0.0,PERSON
Kae Hamilton,0.0,PERSON
LINFORD MILLER,0.0,PERSON
Larry Cox,0.0,PERSON
Linnie and June Boyd,0.0,PERSON
Larry Crowley Debra Crowley,0.0,PERSON
LISA BANEY SHAWN BANEY,0.0,PERSON
Larry D Raber,0.0,PERSON
Lisa Byler Rufus Byler,0.0,PERSON
Larry D. Stutzman,0.0,PERSON
LISA COPELAND,0.0,PERSON
LARRY ENGEL,0.0,PERSON
Lisa D. Knepp,0.0,PERSON
LARRY FLEMMING,0.0,PERSON
Lisa Fielder,0.0,PERSON
LARRY GRABER,0.0,PERSON
LISA M. ERDENBERGER,0.0,PERSON
Larry Hochstetler,0.0,PERSON
Lisa Walker,0.0,PERSON
LARRY HOWARD LINDA HOWARD,0.0,PERSON
LARRY JACKS JUDY JACKS,0.0,PERSON
Lloyd Riehl,0.0,PERSON
Larry Jones Karen Jones,0.0,PERSON
Lloyda Tharp,0.0,PERSON
Larry L Yoder,0.0,PERSON
Lois Hoover,0.0,PERSON
Larry Miller,0.0,PERSON
LOIS KUEPFER,0.0,PERSON
LARRY P. SMITH,0.0,PERSON
Kali Kuster,0.0,PERSON
Lonita Kress,0.0,PERSON
LARRY RABER,0.0,PERSON
Lonnie Bontrager,0.0,PERSON
Larry Stark,0.0,PERSON
LONNIE GRABER,0.0,PERSON
Larry Steffensmeier,0.0,PERSON
LONNIE LAMBRIGHT,0.0,PERSON
LARRY VAN ZEE,0.0,PERSON
Lonnie Yoder,0.0,PERSON
LARRY YODER,0.0,PERSON
LORA BRAMMER DENISE REYNOLDS,0.0,PERSON
LORA JO MONKS,0.0,PERSON
LAURA ANDERSON,0.0,PERSON
LORA SINGLETON,0.0,PERSON
Laura Durbin,0.0,PERSON
Lorellen Bontrager,0.0,PERSON
Laura Groeneweg,0.0,PERSON
LOREN D WAGLER,0.0,PERSON
Laura Hannaford,0.0,PERSON
Loren H Martin,0.0,PERSON
Laura Hershberger,0.0,PERSON
Karen Carr,0.0,PERSON
Laura Horton,0.0,PERSON
Loren Reiff,0.0,PERSON
LAURA KOCH,0.0,PERSON
LORETTA  HERSCHBERGER JASON HERSCHBERGER,0.0,PERSON
LAURA PERRY,0.0,PERSON
LORETTA LOWRY,0.0,PERSON
LAURA SLUSHER,0.0,PERSON
Lori Caldwell,0.0,PERSON
Laura Williams,0.0,PERSON
Lori Huber,0.0,PERSON
Laure Braun,0.0,PERSON
Lorna Dismang,0.0,PERSON
LAUREN  HAAS,0.0,PERSON
Lorraine Reiff,0.0,PERSON
Laurie Brue,0.0,PERSON
LOUANNE DURHAM,0.0,PERSON
LaVern and Anna Mast,0.0,PERSON
Louella Troyer,0.0,PERSON
Lavern E. Stutzman,0.0,PERSON
Louis Hilty,0.0,PERSON
LAVERN J WHETSTONE,0.0,PERSON
LOUISE KENDALL,0.0,PERSON
Lavern Lambright,0.0,PERSON
LAVERN NOLT,0.0,PERSON
LAVERN OTTO,0.0,PERSON
Lavern Yoder,0.0,PERSON
Lovina Troyer,0.0,PERSON
LAVERN ZIMMERMAN,0.0,PERSON
Loyd Spear Joyce Spear,0.0,PERSON
Laverne Eicher,0.0,PERSON
LuAnn Gillispie,0.0,PERSON
JUSTIN SAWYER,0.0,PERSON
MABEL YODER,0.0,PERSON
LUELLA  MILLER JONI MILLER,0.0,PERSON
Justin Knepp Loretta Knepp,0.0,PERSON
Lukas Miller,0.0,PERSON
Lavon and Elaine Bontrager,0.0,PERSON
Luke Miller Waneta Miller,0.0,PERSON
LAVON BONTRAGER,0.0,PERSON
Lydia A Stauffer,0.0,PERSON
Lydia Brashear,0.0,PERSON
Lavon Kuhns,0.0,PERSON
Lyle and Martha Beechy,0.0,PERSON
Lavon Miller,0.0,PERSON
Lyle J Schwartz,0.0,PERSON
Lavon O. Lambright,0.0,PERSON
Lyle Nottingham Gatz Nottingham,0.0,PERSON
Lavon Schlabach,0.0,PERSON
Lavon Schrock,0.0,PERSON
Lyndon Hershberger,0.0,PERSON
Lavon Stutzman Cheryl Stutzman,0.0,PERSON
LYNETTE VANDEVENTER,0.0,PERSON
Lawade Headings,0.0,PERSON
Justin Zimmerman,0.0,PERSON
LAWAYNE LAMBRIGHT,0.0,PERSON
Lynn Thompson,0.0,PERSON
Lynne Broderick,0.0,PERSON
Lawrence Nolt,0.0,PERSON
KAREN HARROWER,0.0,PERSON
Lawrence Weaver,0.0,PERSON
Laverne Troyer,0.0,PERSON
Mabel Yoder Jonas Yoder and Ivan Yoder,0.0,PERSON
LAVERNE WAGLER,0.0,PERSON
Lavina Martin,0.0,PERSON
JULIE SNIDOW JAY BLACKBURN,0.0,PERSON
JONAS GRABER ROSINA GRABER,0.0,PERSON
John E Allen,0.0,PERSON
Jaclyn Schelling,0.0,PERSON
JOSEPH YODER,0.0,PERSON
JACLYN WILLIAMS EDWARD WILLIAMS,0.0,PERSON
JOEL LEHMAN KAREN LEHMAN,0.0,PERSON
ISAAC MARTIN EVA MARTIN,0.0,PERSON
John Stoltzfus,0.0,PERSON
Jacob A L Shetler,0.0,PERSON
Joseph A Schlabach,0.0,PERSON
JACOB BONTRAGER,0.0,PERSON
JUANITA  BENNETT,0.0,PERSON
Jacob DS Schwartz Lovina M P Schwartz,0.0,PERSON
Jody McCloud,0.0,PERSON
Jacob E Miller,0.0,PERSON
John B Smucker,0.0,PERSON
Jacob ES Zook,0.0,PERSON
John Lee Backhus,0.0,PERSON
JACOB G. SCHWARTZ,0.0,PERSON
Johnna Gordon,0.0,PERSON
JACOB GLICK,0.0,PERSON
Jonathan K. and Mary D.A. Schwartz,0.0,PERSON
Jacob Hochstedler,0.0,PERSON
JOSEPH HERSHBERGER,0.0,PERSON
Jacob J Miller,0.0,PERSON
Joy Gastler,0.0,PERSON
Jacob J Schrock,0.0,PERSON
JUDY MOELLER,0.0,PERSON
Jacob Keim,0.0,PERSON
JoAnn Branton Roland Branton,0.0,PERSON
JACOB KING,0.0,PERSON
Joe Overlease,0.0,PERSON
JACOB KLINE,0.0,PERSON
JOHN  GRABER  MARIE GRABER LEWIS GRABER,0.0,PERSON
Jacob L. Schwartz,0.0,PERSON
John Chupp,0.0,PERSON
JACOB LZ SCHWARTZ,0.0,PERSON
John Griffith Dierdre Griffith,0.0,PERSON
JACOB M YODER,0.0,PERSON
John Otto,0.0,PERSON
Jacob Miller,0.0,PERSON
John Wagler Betty Wagler,0.0,PERSON
JACOB NOLT,0.0,PERSON
Jolene  Rissler,0.0,PERSON
Jacob S Fisher,0.0,PERSON
JONAS RABER,0.0,PERSON
Jacob Shetler,0.0,PERSON
JONI BONTRAGER,0.0,PERSON
Jacob Stoltzfus,0.0,PERSON
Joseph D Troyer,0.0,PERSON
Jacob Stutzman,0.0,PERSON
Joseph RL Schwartz,0.0,PERSON
Jacob T Borntreger,0.0,PERSON
JOSHUA JESS,0.0,PERSON
Jacob V Stutzman,0.0,PERSON
Joyce Scott Harold Scott,0.0,PERSON
JACOB W YODER,0.0,PERSON
Jacky Lee Allen,0.0,PERSON
JACOB X. SCHWARTZ JR,0.0,PERSON
Jackie Bowyer Joe Bowyer,0.0,PERSON
JACOB YODER,0.0,PERSON
Junior Schrock Rebecca Schrock,0.0,PERSON
Jacob Z Miller,0.0,PERSON
Joanna Lengacher,0.0,PERSON
Jacquelin Mammen,0.0,PERSON
Joe Coble,0.0,PERSON
Isaac Z Martin,0.0,PERSON
Joe W.Z. Schwartz,0.0,PERSON
Jacquelyn  Schlessman Jack Schlessman Norma Schlessman,0.0,PERSON
Joel Zimmerman,0.0,PERSON
Jake D.E. Schwartz,0.0,PERSON
John A Troyer,0.0,PERSON
Jalisha McIntire,0.0,PERSON
John Bontrager Jr.,0.0,PERSON
ISAAC ZIMMERMAN FRANCES ZIMMERMAN,0.0,PERSON
Iza Holt,0.0,PERSON
JAMES A KNEPP,0.0,PERSON
John Fisher,0.0,PERSON
James Beechy,0.0,PERSON
JOHN JAMISON,0.0,PERSON
James Bixenman Marilyn Bixenman,0.0,PERSON
John Mast,0.0,PERSON
James D. and Linda E. Lantz,0.0,PERSON
John Reiff,0.0,PERSON
James Dodds Penny Dodds,0.0,PERSON
John Troyer Andrew Troyer Jim Troyer,0.0,PERSON
James E Miller,0.0,PERSON
JOHN YODER AMMON YODER,0.0,PERSON
JAMES E. (EDDIE) SNOW,0.0,PERSON
JOHNNY HOSTETLER,0.0,PERSON
James G Bontrager,0.0,PERSON
Jonas Burkholder,0.0,PERSON
James Garman,0.0,PERSON
JONAS KINSINGER,0.0,PERSON
JAMES HORN,0.0,PERSON
Jonathan Adwell,0.0,PERSON
James L Miller,0.0,PERSON
JONATHAN WAGLER,0.0,PERSON
JAMES LEACH,0.0,PERSON
Jordan Finnigan,0.0,PERSON
JAMES MARQUIS BETTY LOU MARQUIS,0.0,PERSON
Joseph and Krista Knepp,0.0,PERSON
James Mast,0.0,PERSON
Joseph E Yoder,0.0,PERSON
JAMES MILES,0.0,PERSON
Joseph M Nisley,0.0,PERSON
James Otto,0.0,PERSON
Joseph Steury,0.0,PERSON
James R Miller,0.0,PERSON
JOSH SPONHEIM LINDSAY SPONHEIM,0.0,PERSON
James Sanborn,0.0,PERSON
Josie Hostetler,0.0,PERSON
James Stewart & Amy Owens,0.0,PERSON
Joyce Engle,0.0,PERSON
James Stewart Kassie Stewart,0.0,PERSON
James Stoll,0.0,PERSON
Jack Broleman,0.0,PERSON
James Troyer,0.0,PERSON
Jack Sexton,0.0,PERSON
James W Strouse Jr.,0.0,PERSON
Judy Theisse Steve Theisse,0.0,PERSON
JAMES WAGLER BARBARA WAGLER IVAN WAGLER,0.0,PERSON
Julie Krause,0.0,PERSON
James Whatley,0.0,PERSON
JUNIOR  YODER,0.0,PERSON
JAMES WHETSTONE,0.0,PERSON
JAMES YODER KARI YODER,0.0,PERSON
Joann Moore,0.0,PERSON
JAMIE COCHRAN,0.0,PERSON
JODIE HANCOCK,0.0,PERSON
Jamie Dewayne Ward,0.0,PERSON
Joe Borntrager,0.0,PERSON
Jamie Goins,0.0,PERSON
JOE GRABER,0.0,PERSON
Jamie Poush,0.0,PERSON
Joe Schwartz Sarah Schwartz,0.0,PERSON
JAMIE SISSEL,0.0,PERSON
JOE YODER,0.0,PERSON
Jan Budden,0.0,PERSON
JOEL MILLER,0.0,PERSON
Jan Cutcher,0.0,PERSON
Ivan Yutzy,0.0,PERSON
Isabella Fluit Julie Bakker,0.0,PERSON
John  Miller,0.0,PERSON
JAN RICHARDSON,0.0,PERSON
John and Millie Borntreger,0.0,PERSON
Jana Cantrell,0.0,PERSON
John Blaes,0.0,PERSON
JOHN BONTRAGER WAYNE BONTRAGER,0.0,PERSON
Jane Dorhout,0.0,PERSON
John D Petersheim Linda Ann Petersheim,0.0,PERSON
Jane Duehr,0.0,PERSON
JOHN DUKE,0.0,PERSON
JANE FRY,0.0,PERSON
John E Schrock,0.0,PERSON
JANE GRIFFIN,0.0,PERSON
JANE HOBBS,0.0,PERSON
JOHN HURT,0.0,PERSON
Janell Boggs,0.0,PERSON
JOHN LAMBRIGHT,0.0,PERSON
Janet Bailey,0.0,PERSON
John Leon Graber,0.0,PERSON
Janet Donnelly,0.0,PERSON
John N Miller,0.0,PERSON
Janet Hopper,0.0,PERSON
John R Miller,0.0,PERSON
Janet Hutson,0.0,PERSON
JOHN SCHROEDER MEREDITH SCHROEDER,0.0,PERSON
Janet Partain,0.0,PERSON
JOHN THOMPSON,0.0,PERSON
JANETTA HOCHSTETLER WILLARD HOCHSTETLER,0.0,PERSON
John V Bontrager,0.0,PERSON
JANETTE O'DELL,0.0,PERSON
John Wilson,0.0,PERSON
Janice Angst,0.0,PERSON
John Zook,0.0,PERSON
Janice Burns,0.0,PERSON
Johnny Burkdoll Jr and Phyllis Burkdoll,0.0,PERSON
Janice Fromm,0.0,PERSON
JOHNNY KENNEDY,0.0,PERSON
Janice Henry,0.0,PERSON
Jonas B Miller,0.0,PERSON
JANICE HUGHES,0.0,PERSON
Jonas Esh Jr.,0.0,PERSON
Janice Lipford,0.0,PERSON
Jonas Hostetler,0.0,PERSON
Israel B Byler,0.0,PERSON
Jonas Lee Yutzy,0.0,PERSON
Janice Sanders,0.0,PERSON
JONAS YODER,0.0,PERSON
Janice Swofford Joe Swofford Troy Dargin,0.0,PERSON
Jonathan and Lindsay Sellars,0.0,PERSON
Jared Allen Wittmer,0.0,PERSON
Jonathan Nichols Sue Nichols,0.0,PERSON
JARED FELDHAUS JOHN CALLIES,0.0,PERSON
J. WALKER,0.0,PERSON
JARED FELDHAUS JULIE FELDHAUS GREG FELDHAUS,0.0,PERSON
Joni J Hostetler,0.0,PERSON
Jarrod Weymouth Phil Weymouth and Yolanda Weymouth,0.0,PERSON
JOSEPH  MILLER,0.0,PERSON
Jason Allen Debra Bartkoski,0.0,PERSON
JOSEPH A. YODER,0.0,PERSON
Jason B Hostetler,0.0,PERSON
JOSEPH BOWMAN,0.0,PERSON
Israel Stoltzfus,0.0,PERSON
Joseph D. Barkman,0.0,PERSON
Jason D Wagler,0.0,PERSON
JOSEPH GRABER,0.0,PERSON
Jason Eicher,0.0,PERSON
JOSEPH HOSTETLER,0.0,PERSON
Jason Hostetler,0.0,PERSON
Joseph Polt Cee Cee Polt,0.0,PERSON
Jason Jess,0.0,PERSON
Jacey Mohr,0.0,PERSON
Jason L Weaver,0.0,PERSON
JOSEPH SUDBRINK,0.0,PERSON
JASON LAVON GRABER,0.0,PERSON
Josh Britez,0.0,PERSON
JASON MARTIN LORRAINE MARTIN,0.0,PERSON
Joshua D McOmber,0.0,PERSON
Jason Melvin Amber Melvin,0.0,PERSON
Josiah Wingard,0.0,PERSON
Jason Miller,0.0,PERSON
JOSY YODER,0.0,PERSON
Ivan A Raber,0.0,PERSON
JOYCE CAHOJ,0.0,PERSON
Jason Schwartz,0.0,PERSON
JOYCE GAMEL GALEN GAMEL,0.0,PERSON
Jason Slabaugh,0.0,PERSON
Joyce Walters,0.0,PERSON
Jason Wagler,0.0,PERSON
Jason Wagler Rachel Wagler,0.0,PERSON
Juanita Kimbrough,0.0,PERSON
JAVIER TORRES,0.0,PERSON
JUDITH TRAYLER MERRILL TRAYLER,0.0,PERSON
Judy  Slaughter,0.0,PERSON
JUDY BRENGMAN JENNIFER CRAMER,0.0,PERSON
Judy Green,0.0,PERSON
Jay Dee and Rosetta Miller,0.0,PERSON
Judy Maassen,0.0,PERSON
Jay L Oberholtzer,0.0,PERSON
Judy Skaggs,0.0,PERSON
JAY LAMAR REIFF,0.0,PERSON
Julia Eicher,0.0,PERSON
Jay Miller,0.0,PERSON
JULIE HALVERSON,0.0,PERSON
Julie Roe,0.0,PERSON
June Schrum,0.0,PERSON
Junior Detweiler,0.0,PERSON
Jean and Betty Nelson,0.0,PERSON
Junior Yoder,0.0,PERSON
Jean Anderson,0.0,PERSON
Justin Gailey,0.0,PERSON
Jean Bos,0.0,PERSON
Joann Cash,0.0,PERSON
Jean Case Jimmy Richard,0.0,PERSON
Joanna and Marvin Newswanger,0.0,PERSON
JEAN GORTMAKER,0.0,PERSON
Joas and Karen Miller,0.0,PERSON
Jean Hoban,0.0,PERSON
Jodie Manning,0.0,PERSON
Jean Lafferty and Desiree Ford,0.0,PERSON
Joe and Miriam Schwartz,0.0,PERSON
JEANELLE SCHWEITZER,0.0,PERSON
Irene Phillips,0.0,PERSON
JEANIE WYSE MIKE WYSE,0.0,PERSON
JOE DETWEILER,0.0,PERSON
Jeanne Becker,0.0,PERSON
JOE OTTO,0.0,PERSON
Jeanne Roane,0.0,PERSON
Joe Schwartz,0.0,PERSON
Jeannee Roffers,0.0,PERSON
Joe T.J. Schwartz,0.0,PERSON
Jeannine Jenkins,0.0,PERSON
Joe Wickey,0.0,PERSON
Jeff Adams,0.0,PERSON
Joel Lambright,0.0,PERSON
Jeff and Kim Williams,0.0,PERSON
JOEL MARTIN LIZZIE MARTIN,0.0,PERSON
Jeff Bennett Mary Bennett,0.0,PERSON
Joel Valentine,0.0,PERSON
Irene Finley,0.0,PERSON
JOETTE PETERSON,0.0,PERSON
Jeff Denning,0.0,PERSON
Ivy Cook,0.0,PERSON
Jeff Epley,0.0,PERSON
JOHN  LAPP,0.0,PERSON
Jeff Graber,0.0,PERSON
JOHN  STOLTZFUS,0.0,PERSON
JEFF HEGER SUSAN MARTIN-HEGER,0.0,PERSON
John A Yoder,0.0,PERSON
Jeff Henson Amy Henson,0.0,PERSON
"John Anthony Woods, Deborah Woods",0.0,PERSON
Jeff Humphreys,0.0,PERSON
John Beiler,0.0,PERSON
JEFF JONES BARBARA ARNOLD,0.0,PERSON
John Blake,0.0,PERSON
Jeff Pickrell,0.0,PERSON
John Bontrager Lizzie Bontrager,0.0,PERSON
Jeff Wagner,0.0,PERSON
John Bryant,0.0,PERSON
Jeff Wilson,0.0,PERSON
John D Erb,0.0,PERSON
Jeff Yach,0.0,PERSON
John D Riehl Jr,0.0,PERSON
Jeffery Dean Stoll,0.0,PERSON
JOHN DAVID  SHIRK,0.0,PERSON
IVAN BURKHOLDER,0.0,PERSON
JOHN DYE,0.0,PERSON
Jeffrey L Graber,0.0,PERSON
John E Borntrager,0.0,PERSON
Jeffrey Pettengill,0.0,PERSON
John Ebright Stephanie Ebright,0.0,PERSON
"Jeffrey, Keith and Dan Shrock",0.0,PERSON
John Fromm Linda Fromm,0.0,PERSON
JENNIFER  POTTS,0.0,PERSON
John Gregory Mckee,0.0,PERSON
Jennifer Campbell,0.0,PERSON
John Helmuth,0.0,PERSON
Jennifer Faber,0.0,PERSON
John J. Wagler,0.0,PERSON
JENNIFER HINNERS,0.0,PERSON
John Kinsinger,0.0,PERSON
Jennifer Johnson,0.0,PERSON
John Lasserre,0.0,PERSON
Jennifer Luallen,0.0,PERSON
John Lengacher Kristine Lengacher,0.0,PERSON
JENNIFER LUCAS JENNIFER CANNON,0.0,PERSON
Isaac and Aundria Tilden,0.0,PERSON
Jennifer Nicole Federico,0.0,PERSON
JOHN MILLER,0.0,PERSON
Jennifer R Perkins,0.0,PERSON
JENNIFER SCHARMER,0.0,PERSON
John P Yoder,0.0,PERSON
Jennifer Turner,0.0,PERSON
JOHN RABER ROSANNA  RABER,0.0,PERSON
JENNIFER WALKER,0.0,PERSON
John Schlabach,0.0,PERSON
Jenny Gabel Barb Gabel,0.0,PERSON
John Self Patricia Self,0.0,PERSON
Jere Taylor,0.0,PERSON
JOHN SWAREY,0.0,PERSON
JEREMIAH DAVID BAILEY,0.0,PERSON
John Troyer,0.0,PERSON
Jeremiah G Yoder,0.0,PERSON
JOHN UDER,0.0,PERSON
Ivan M Miller,0.0,PERSON
John W. Schwartz,0.0,PERSON
Jeremy Raber,0.0,PERSON
John Wayne Burkholder,0.0,PERSON
Jeremy Simmons Britney Simmons,0.0,PERSON
John Yoder,0.0,PERSON
Jeremy Steiner,0.0,PERSON
IVAN MAST KATIE MAST,0.0,PERSON
"John, Mary Jane and James Knepp",0.0,PERSON
JERI FRAKES DUSTIN FRAKES,0.0,PERSON
JOHNNIE GRABER RACHEL GRABER,0.0,PERSON
JERI RIESKAMP,0.0,PERSON
Jeri Saltzman Cox,0.0,PERSON
Johnny J.F. Schwartz,0.0,PERSON
Ivan Miller,0.0,PERSON
J AND L NEBRASKA DOG,0.0,PERSON
JEROME STOLL,0.0,PERSON
Jon Sohl,0.0,PERSON
JERRI MARLIN WAYNE MARLIN,0.0,PERSON
JONAS BORNTRAGER,0.0,PERSON
Jerrie Joyce Gray,0.0,PERSON
JONAS DELAGRANGE,0.0,PERSON
JERRY  MAST,0.0,PERSON
JONAS FISHER,0.0,PERSON
JERRY  STOLL,0.0,PERSON
Jonas Hershberger,0.0,PERSON
Jerry and DeEtta Simmons,0.0,PERSON
Jonas J Yoder,0.0,PERSON
Jerry Beauchamp Linda Beauchamp,0.0,PERSON
Jonas L Hershberger,0.0,PERSON
Jerry Bontrager,0.0,PERSON
Jonas Miller,0.0,PERSON
Jerry James,0.0,PERSON
Jonas Rosa Eicher,0.0,PERSON
JERRY KEITH HARRIS,0.0,PERSON
Jonas Zook,0.0,PERSON
JERRY KOEDAM PAT KOEDAM,0.0,PERSON
Jonathan and Jolene Chupp,0.0,PERSON
Jerry Lambright,0.0,PERSON
Jonathan and Roselle Burkholder,0.0,PERSON
Jerry Lee Miller,0.0,PERSON
Jerry M Brown,0.0,PERSON
Jonathan Raber,0.0,PERSON
JERRY MCBRIDE,0.0,PERSON
Jonathan Weaver,0.0,PERSON
Jerry Miller,0.0,PERSON
JERRY OTTO,0.0,PERSON
Joni Grinde,0.0,PERSON
Jerry Sandry,0.0,PERSON
Joni Petersheim,0.0,PERSON
Jerry Troyer,0.0,PERSON
JORGE MORALES,0.0,PERSON
Jerry W. Wickey,0.0,PERSON
Joseph A Miller,0.0,PERSON
JERRY WEDEL BETTY WEDEL,0.0,PERSON
Joseph A Yoder,0.0,PERSON
JERRY WEST,0.0,PERSON
Joseph and Ann Miller,0.0,PERSON
Jerry Whetstone,0.0,PERSON
JOSEPH BORKHOLDER,0.0,PERSON
Jerry Wickey,0.0,PERSON
Joseph D Erb,0.0,PERSON
JERRY WILLETT,0.0,PERSON
Joseph D Wengerd,0.0,PERSON
Jerry Wingard,0.0,PERSON
JOSEPH DETWEILER,0.0,PERSON
Jerry Zebel,0.0,PERSON
Joseph Gardner,0.0,PERSON
JESSE GRABER,0.0,PERSON
Joseph H and Bernita M Berntsen Living Trust,0.0,PERSON
Jesse Hedgpeth Brittani Hedgpeth,0.0,PERSON
Jesse Hochstedler,0.0,PERSON
Joseph Lengacher,0.0,PERSON
Jesse K King,0.0,PERSON
Joseph Miller,0.0,PERSON
JESSE KROPF MELISSA  KROPF,0.0,PERSON
JOSEPH RABER,0.0,PERSON
JESSE LAMBRIGHT,0.0,PERSON
Joseph Schmucker,0.0,PERSON
JESSE MILLER,0.0,PERSON
Joseph Schwartz,0.0,PERSON
Jesse Small and Vicky Small,0.0,PERSON
Joseph Stutzman,0.0,PERSON
Jesse Troyer Jolene Troyer,0.0,PERSON
Joseph W Gingerich,0.0,PERSON
JESSE WILLIAMS,0.0,PERSON
Joseph Zook,0.0,PERSON
JESSE YUTZY,0.0,PERSON
JOSH GARBER,0.0,PERSON
Jesse Zehr,0.0,PERSON
Joshua and Kelsey Engle,0.0,PERSON
Jessica Berhorst,0.0,PERSON
Joshua Dillow,0.0,PERSON
Jessica Cody,0.0,PERSON
Joshua Smith Barbara Smith,0.0,PERSON
Jessica Ferencik,0.0,PERSON
Josiah Wingard Hanna Wingard,0.0,PERSON
Jessica Grose,0.0,PERSON
Josie Lehmann,0.0,PERSON
Jessica Guilliams,0.0,PERSON
Joy DeAnn McGahen,0.0,PERSON
JESSICA HOWE,0.0,PERSON
Joyce Burkhart,0.0,PERSON
JESSICA MARTIN,0.0,PERSON
JACK  W. SCHLESSMAN JACQUELYN SCHLESSMAN JACK SCHLESSMAN NORMA SCHLESSMAN,0.0,PERSON
Jessica Mueller Theresa Mueller,0.0,PERSON
Joyce Fuller,0.0,PERSON
Jessica Patrick,0.0,PERSON
Joyce Guffey,0.0,PERSON
Jessica Phillips,0.0,PERSON
Joyce Summers,0.0,PERSON
Jessica Reed,0.0,PERSON
JOYCE WILLIAMS,0.0,PERSON
IVAN PRICE,0.0,PERSON
Ivan R Miller,0.0,PERSON
Jessie Holzmeister,0.0,PERSON
JUANITA BARNETT,0.0,PERSON
JUSTIN GRAHAM,0.0,PERSON
Judith Bower,0.0,PERSON
Ivan R Troyer,0.0,PERSON
Judith Rhoads,0.0,PERSON
Jill Burdg Larry Campbell,0.0,PERSON
JACK KING THEA KING,0.0,PERSON
Jill Stephens,0.0,PERSON
JUDY A. KLEINE,0.0,PERSON
Jim and Pam Stewart,0.0,PERSON
Judy Dorothy,0.0,PERSON
Jim Boeding,0.0,PERSON
ISAAC MARTIN,0.0,PERSON
JIM CHRISTIAN,0.0,PERSON
Jack Wortman Lois Wortman,0.0,PERSON
Jim Snow Ruby Snow LEVI SNOW,0.0,PERSON
Judy Masker,0.0,PERSON
Ivan Raber,0.0,PERSON
Judy Raney,0.0,PERSON
Jim West,0.0,PERSON
Judy Speak Miller,0.0,PERSON
Jimmie Holyfield Bob Bowen,0.0,PERSON
Judy Willis,0.0,PERSON
JIMMY DOYLE POWELL,0.0,PERSON
Jackie and Brad Nash,0.0,PERSON
IVAN RABER DUANE RABER,0.0,PERSON
Julie Anderson,0.0,PERSON
Julie Hobbs,0.0,PERSON
Jackie Mayne,0.0,PERSON
JULIE SCHOLL,0.0,PERSON
June Kaiser,0.0,PERSON
JUNIOR  MILLER,0.0,PERSON
JO ANN PARSONS,0.0,PERSON
Junior and Rebecca Schrock,0.0,PERSON
Jo Ann Shadow,0.0,PERSON
JO HUBNER KATIE HUBNER ROGER HUBNER,0.0,PERSON
Junior Troyer,0.0,PERSON
Junior Yutzy,0.0,PERSON
Joan Dale,0.0,PERSON
Justin Bontrager,0.0,PERSON
JOANIE VOEGE,0.0,PERSON
JoAnn & Roland Branton,0.0,PERSON
Jesus Morfin,0.0,PERSON
Gloria Still,0.0,PERSON
Dorace Burton,0.0,PERSON
Heather Anderson,0.0,PERSON
Don Monnette Donna Monnette,0.0,PERSON
Fred L. Borntrager,0.0,PERSON
Doug Kroger,0.0,PERSON
Gerald Frey,0.0,PERSON
Doug Kuhl Sue Kuhl,0.0,PERSON
Doug McFadin,0.0,PERSON
HERMAN GINGERICH,0.0,PERSON
Fonda Maassen,0.0,PERSON
GAYLE ARNETT,0.0,PERSON
Duane and Kristin White,0.0,PERSON
Glen D Hostetler,0.0,PERSON
Duane Barnett,0.0,PERSON
Duane Bontrager,0.0,PERSON
HARVEY CHESMORE DENISE CHESMORE,0.0,PERSON
Duane Fry,0.0,PERSON
Henry Graber,0.0,PERSON
DUANE KNAPP,0.0,PERSON
Duane Miller,0.0,PERSON
Hunter Newman,0.0,PERSON
DUANE MITCHELL JEAN MITCHELL,0.0,PERSON
Francis John Lamb,0.0,PERSON
Duane Ray Bontrager,0.0,PERSON
Freeman Raber,0.0,PERSON
DUANE REYNOLDS,0.0,PERSON
Duane Schlabach,0.0,PERSON
Gary Lehman,0.0,PERSON
DUANE TROYER,0.0,PERSON
GENE DAVIS,0.0,PERSON
Duane White Kristin White Lena White,0.0,PERSON
Gerena Heater,0.0,PERSON
DUANE YODER,0.0,PERSON
GLENN (Renay) DAVIDSON JACQUELINE (JACKIE) DAVIDSON,0.0,PERSON
Dustan Wellman,0.0,PERSON
Harley Schmucker,0.0,PERSON
Dustie Gardner,0.0,PERSON
HAZEL COLEMAN,0.0,PERSON
Dustin  Westercamp Jill Westercamp,0.0,PERSON
Helen Ketelsen Scott Ketelsen,0.0,PERSON
Dustin Frakes,0.0,PERSON
HENRY RABER,0.0,PERSON
Dustin Ledford,0.0,PERSON
Dusty L Griffith,0.0,PERSON
Floyd Schmucker,0.0,PERSON
Dwayne and Helen Pettingill,0.0,PERSON
Dwayne Garner,0.0,PERSON
FRANKLIN BREEDLOVE JR.,0.0,PERSON
DJ Cobler Melissa Cobler,0.0,PERSON
Freeman Beechy,0.0,PERSON
DWAYNE MILLER KETURAH MILLER,0.0,PERSON
Freida Miller,0.0,PERSON
Dwayne Rogers,0.0,PERSON
DWAYNE SCHROCK,0.0,PERSON
Gary Bontrager,0.0,PERSON
Dwayne Yoder,0.0,PERSON
Gary Kemp,0.0,PERSON
Gary Simmons Victoria Simmons,0.0,PERSON
E. Marie Martin,0.0,PERSON
GAYLORD YODER,0.0,PERSON
Earl Beechy,0.0,PERSON
Earl D Beechy,0.0,PERSON
Gerald Morgan,0.0,PERSON
DONALD D FOSTER,0.0,PERSON
EARL MARTIN,0.0,PERSON
"Glenda Grove, Eric Grove, Adam Grove",0.0,PERSON
Earl Ray Nolt,0.0,PERSON
GLORIA BROUWER,0.0,PERSON
Earl Ray Nolt and Elaine Nolt,0.0,PERSON
GREG HOVEY,0.0,PERSON
Happy Acres Kennel,0.0,PERSON
Ed Young,0.0,PERSON
Harry Brown Bettty Brown,0.0,PERSON
Eddie and Rosemary Gingerich,0.0,PERSON
Eddie Bishop,0.0,PERSON
Eddie Burkholder,0.0,PERSON
HEATHER SENSENEY,0.0,PERSON
EDDIE HOUSLEY,0.0,PERSON
HENRY  RABER,0.0,PERSON
EDDIE RABER,0.0,PERSON
Henry L Nisley,0.0,PERSON
EDDIE ROBINSON,0.0,PERSON
Henry Wagler,0.0,PERSON
EDDIE SCHWARTZ MARY SCHWARTZ,0.0,PERSON
Eddy and Carolyn Criner,0.0,PERSON
Eddy Criner Carolyn Criner,0.0,PERSON
DOLORES GROGAN,0.0,PERSON
EDEN TACKITT,0.0,PERSON
Edgar Randall Roma Patterson,0.0,PERSON
HOMER SLABAUGH REGINA  SLABAUGH,0.0,PERSON
Edith Contreras and Luis Estrada Sanchez,0.0,PERSON
FLOYD MILLER,0.0,PERSON
Edith Ladell Stuart,0.0,PERSON
Edna & Willard Herschberger,0.0,PERSON
Edna Brubacker Allen Brubacker,0.0,PERSON
Edna Ellen Miller,0.0,PERSON
Frank Foster,0.0,PERSON
DONALD HENSLEY,0.0,PERSON
Fred and Pearl Headings,0.0,PERSON
Edna-Elmer Troyer,0.0,PERSON
FRED YODER,0.0,PERSON
EDWARD BARKER WANDA BARKER,0.0,PERSON
Freeman P Helmuth,0.0,PERSON
Edward Cannon,0.0,PERSON
FREEMAN YODER,0.0,PERSON
EDWARD HERSHBERGER,0.0,PERSON
Edwin Burkholder Lucille Burkholder,0.0,PERSON
EDWIN JAY  LENGACHER,0.0,PERSON
Gabriel Helmuth,0.0,PERSON
Edwin L & Edna Miller,0.0,PERSON
Edwin Nisley,0.0,PERSON
Gary Chupp,0.0,PERSON
Edwin S Gingerich,0.0,PERSON
Gary Herschberger,0.0,PERSON
EDWIN TROYER,0.0,PERSON
Gary L Gingerich,0.0,PERSON
Edwin V. Shetler,0.0,PERSON
GARY SCHEULEN,0.0,PERSON
Edwin Wagler,0.0,PERSON
Gary Willis Sharon Willis,0.0,PERSON
Edwin Z Leid Ruth M Leid Ervin H Leid,0.0,PERSON
Gayle Duncan,0.0,PERSON
Elaine Craig,0.0,PERSON
GEALEA NICHOLS,0.0,PERSON
Elaine K Wilson,0.0,PERSON
Gene Stevens,0.0,PERSON
ELAM  WICKEY ESTHER WICKEY,0.0,PERSON
GEORGE KRAMER DONNA KRAMER,0.0,PERSON
Elam E Allgyer,0.0,PERSON
Gerald Miller and John Miller,0.0,PERSON
Elam E Hertzler Betty Hertzler,0.0,PERSON
GERALD WATTS,0.0,PERSON
ELAM FISHER,0.0,PERSON
GERTIE MILLER,0.0,PERSON
Elam Miller,0.0,PERSON
Ginger Warren,0.0,PERSON
ELDON GRABER,0.0,PERSON
Glen R Otto,0.0,PERSON
Eldon H Miller,0.0,PERSON
Glendon Swartzentruber,0.0,PERSON
ELDON MAST,0.0,PERSON
GLENN SPEAR,0.0,PERSON
Eldon Plank,0.0,PERSON
Gloria Haldeman,0.0,PERSON
ELDON YODER,0.0,PERSON
Golden Doodle Meadows,0.0,PERSON
ELI  BURKHOLDER,0.0,PERSON
Gordon W Everett Sr,0.0,PERSON
Eli Barkman,0.0,PERSON
Graber Puppy Lodge,0.0,PERSON
ELI BRENNEMAN,0.0,PERSON
ELI COBLENTZ EMMA COBLENTZ CLARA TROYER,0.0,PERSON
Eli D Hostetler,0.0,PERSON
Greg Pickett Amanda Pickett,0.0,PERSON
Eli D Zook,0.0,PERSON
GROVE HILL KENNEL L L C,0.0,PERSON
Eli E.S. Zook,0.0,PERSON
GUY HASKINS FAITH HASKINS,0.0,PERSON
Eli Hershberger,0.0,PERSON
Haley Shelton,0.0,PERSON
Eli J Yoder,0.0,PERSON
Harlan Stauffer Ella Stauffer,0.0,PERSON
Eli J.S. Schwartz,0.0,PERSON
Harold Martin,0.0,PERSON
Donald Landes,0.0,PERSON
Eli King Mary King,0.0,PERSON
Harvey Miller,0.0,PERSON
Eli Miller,0.0,PERSON
Harvey Wagler,0.0,PERSON
Eli N. M. Schwartz,0.0,PERSON
Heath Madison Shonda Madison Hunter Madison Lane Madison,0.0,PERSON
ELI RABER,0.0,PERSON
Heather Briggs,0.0,PERSON
Eli Schrock,0.0,PERSON
ELI YODER,0.0,PERSON
HELENA COLLINS,0.0,PERSON
ELI YODER JR,0.0,PERSON
Dorothy Audsley Leonard Audsley,0.0,PERSON
Elias H Mast,0.0,PERSON
Henry Hertzler,0.0,PERSON
Donna  Howard Vickie Burden,0.0,PERSON
HENRY MAST,0.0,PERSON
Henry S Esh,0.0,PERSON
ELIZABETH  FICKEL,0.0,PERSON
Henry Yoder,0.0,PERSON
Elizabeth A Rohrs,0.0,PERSON
Herman Raber,0.0,PERSON
Elizabeth and William Yoder,0.0,PERSON
ELIZABETH COX,0.0,PERSON
Elizabeth Greenwood,0.0,PERSON
Elizabeth Monks Williams,0.0,PERSON
Elizabeth Nelson,0.0,PERSON
ELIZABETH OTTO MARLIN OTTO,0.0,PERSON
Elizabeth Vilchis,0.0,PERSON
Elizabeth Womack,0.0,PERSON
HOLLY IBEN,0.0,PERSON
Donna Brown,0.0,PERSON
DOTTIE BURKHALTER,0.0,PERSON
ELLA MAE LEWIS,0.0,PERSON
IDA KAUFFMAN,0.0,PERSON
Ella Raber,0.0,PERSON
Floyd Raber,0.0,PERSON
Ella Schlabach,0.0,PERSON
Floyd Stutzman,0.0,PERSON
DONNA BYRN,0.0,PERSON
Fonda Elkins,0.0,PERSON
Ellen Collins,0.0,PERSON
Donna Connolly,0.0,PERSON
Elliott Remick,0.0,PERSON
Elmer A Miller,0.0,PERSON
Frances Roberson,0.0,PERSON
Elmer Jr Miller,0.0,PERSON
Francis Wagler,0.0,PERSON
Elmer Lapp,0.0,PERSON
Frank Mitzel,0.0,PERSON
Elmer LuGrand,0.0,PERSON
Franklin H Stauffer,0.0,PERSON
Elmer Raber,0.0,PERSON
FRED JOSEPH KNEPP,0.0,PERSON
ELMER RICHARDS,0.0,PERSON
FRED WHITELAW,0.0,PERSON
Elmer Yoder,0.0,PERSON
Freda Horton Jack Horton,0.0,PERSON
Elmer Z. Zook,0.0,PERSON
Freeman Detweiler,0.0,PERSON
Elmo Ruyle Velda Ruyle,0.0,PERSON
Freeman P Steury,0.0,PERSON
Elner Pettiet Bob Pettiet,0.0,PERSON
FREEMAN TROYER,0.0,PERSON
ELROY BORNTRAGER,0.0,PERSON
FREEMAN YODER MARLIN YODER,0.0,PERSON
Elson Bontrager,0.0,PERSON
ELVA H. MARTIN,0.0,PERSON
ELVA LEFDAL DAVE LEFDAL,0.0,PERSON
ELVA M. NOLT EDNA Z. NOLT,0.0,PERSON
Elvin Martin Rachel Martin,0.0,PERSON
G. Keith Yoder,0.0,PERSON
Donna Frakes,0.0,PERSON
Gabriel Kennon,0.0,PERSON
EMANUEL  SCHWARTZ,0.0,PERSON
Gail Hart,0.0,PERSON
Emanuel A Troyer,0.0,PERSON
Gale Whitaker Christina Hillyard Brandon Hillyard,0.0,PERSON
EMANUEL KEIM,0.0,PERSON
EMANUEL NISLEY,0.0,PERSON
Gary E Mast,0.0,PERSON
EMILIA GOCHEFF,0.0,PERSON
GARY GOOSTREE RUTH ANN GOOSTREE,0.0,PERSON
Emily DeJong,0.0,PERSON
DORCAS  BRUBAKER,0.0,PERSON
EMILY EDWARDS LONG TONY BIELLER LUCAS LONG,0.0,PERSON
GARY KUSTER,0.0,PERSON
Emily Eicher,0.0,PERSON
GARY LAMBRIGHT,0.0,PERSON
EMILY JORDAN,0.0,PERSON
Dorene Yoder,0.0,PERSON
Emily Mauck,0.0,PERSON
GARY SILMAN,0.0,PERSON
Emma Gingerich,0.0,PERSON
Gary Vande Weerd Elaine Vande Weerd,0.0,PERSON
Emma Graber Ivan Graber,0.0,PERSON
Gavin Jordan,0.0,PERSON
Emma Hostetler and Marvin Miller,0.0,PERSON
Gayle Baker,0.0,PERSON
Emma Lee Elmore,0.0,PERSON
Gayle Roach,0.0,PERSON
Emma Mae and Marcus Yoder,0.0,PERSON
Gaynetta Snyder & Scott Wheatcraft,0.0,PERSON
Emma Mast Robert Mast,0.0,PERSON
GENE ALLEN,0.0,PERSON
EMMA TILLERY,0.0,PERSON
GENE KUHL PHYLLIS KUHL,0.0,PERSON
Emma Yoder,0.0,PERSON
Genny Nichol,0.0,PERSON
Enos Beiler Swarey,0.0,PERSON
George Hayes,0.0,PERSON
ENOS ESH,0.0,PERSON
Gerald & Mary Jane Miller,0.0,PERSON
ENOS GRABER,0.0,PERSON
GERALD KISER,0.0,PERSON
Enos L Miller,0.0,PERSON
Gerald Miller John Miller,0.0,PERSON
Enos Lengacher,0.0,PERSON
Gerald Nolt Dorothy Nolt,0.0,PERSON
ENOS MILLER,0.0,PERSON
Gerald Yoder Maryetta Yoder,0.0,PERSON
Donna Gunn,0.0,PERSON
Geri Higgins,0.0,PERSON
Enos Schwartz,0.0,PERSON
Gideon B Esh,0.0,PERSON
Donna Herrmann,0.0,PERSON
Doris Dianne Baker Jones,0.0,PERSON
Enos Troyer,0.0,PERSON
Donna Patterson,0.0,PERSON
GLEN HARSHBERGER REBECCA HARSHBERGER,0.0,PERSON
EPHRAIM GRABER,0.0,PERSON
Glen Spencer Marcia Spencer,0.0,PERSON
ERIC LADERER VICKIE LADERER,0.0,PERSON
GLENDA MALLORY,0.0,PERSON
ERIC MOHLER,0.0,PERSON
GLENDON YODER,0.0,PERSON
ERIC STOLL,0.0,PERSON
Glenn Jess and Christy Jess,0.0,PERSON
Erik Stone,0.0,PERSON
Glenn T Bontrager,0.0,PERSON
Erika Kyle,0.0,PERSON
Gloria Duvall,0.0,PERSON
Erin Abercrombie,0.0,PERSON
GLORIA SCHWARTZ DARRAL SCHWARTZ,0.0,PERSON
Erin Rodgers,0.0,PERSON
Glyn Nolan Ann Nolan,0.0,PERSON
Erma M Bontrager,0.0,PERSON
Erma Petersheim Jonathan Petersheim,0.0,PERSON
Gordon & Glenda Craven,0.0,PERSON
Erma Yoder Dean Yoder,0.0,PERSON
Ernest Bontrager Clarence Bontrager,0.0,PERSON
Grace Richardson,0.0,PERSON
ERNEST MILLER,0.0,PERSON
Ernest Yoder,0.0,PERSON
Ernie Graber,0.0,PERSON
Ervin A. Lee,0.0,PERSON
Greg Allen,0.0,PERSON
ERVIN BONTRAGER,0.0,PERSON
Greg Jones,0.0,PERSON
Ervin Gingerich,0.0,PERSON
Ervin J Yoder,0.0,PERSON
Ervin Jay Yoder,0.0,PERSON
"Grover Jameson, Theresa Jameson",0.0,PERSON
ERVIN L MILLER,0.0,PERSON
GUY BROCHARD,0.0,PERSON
ERVIN LEE MAST,0.0,PERSON
DONNA SCHROEDER,0.0,PERSON
Haley and Christopher Shelton,0.0,PERSON
ERVIN RABER,0.0,PERSON
Hallie Ade,0.0,PERSON
ERVIN SCHMUCKER,0.0,PERSON
Happy Teddy,0.0,PERSON
ERVIN WAGLER,0.0,PERSON
Harley E Bontrager,0.0,PERSON
Ervin Yoder,0.0,PERSON
HARLEY YODER,0.0,PERSON
ERVIN YODER ANDREW YODER,0.0,PERSON
Harry & Wanda Bonham,0.0,PERSON
Erwin Yoder,0.0,PERSON
DORIS HERINGTON,0.0,PERSON
Esle Yoder,0.0,PERSON
Harvey Burkholder,0.0,PERSON
Esther and Melvin Zimmerman,0.0,PERSON
Esther Borntrager,0.0,PERSON
HARVEY RISSLER,0.0,PERSON
Esther Pointer,0.0,PERSON
HARVEY TROYER,0.0,PERSON
Ethan Zumbach Garry Zumbach,0.0,PERSON
Hayden Otto,0.0,PERSON
"Eual David Rose, Chyrie Rose",0.0,PERSON
Eugene Deloy Qualls,0.0,PERSON
Heath Francke Serenity Francke,0.0,PERSON
Donna Schultz,0.0,PERSON
Dolan Headings,0.0,PERSON
Eulanda Bates,0.0,PERSON
Heather Borntrager,0.0,PERSON
Eva Martin,0.0,PERSON
Heather Poe,0.0,PERSON
Eva Rector,0.0,PERSON
EVA WEAVER,0.0,PERSON
Doris Morlock,0.0,PERSON
Helen Pounds,0.0,PERSON
Evelyn Roberson,0.0,PERSON
Dorothy Audsley,0.0,PERSON
Evelyn Ryan Daniel Ryan,0.0,PERSON
HENRY BYLER,0.0,PERSON
Evelyn Weber Edward Weber,0.0,PERSON
Henry EA Yoder,0.0,PERSON
EVERETT HOCHSTETLER,0.0,PERSON
HENRY HERSHBERGER,0.0,PERSON
HENRY KEELE,0.0,PERSON
Henry L Swarey,0.0,PERSON
HENRY MILLER,0.0,PERSON
Ezra Whetstone,0.0,PERSON
Henry Reiff Jr & Dorothy L Reiff,0.0,PERSON
F Elaine & Harley W Miller,0.0,PERSON
DOROTHY HANSEN,0.0,PERSON
Dorothy Knapp,0.0,PERSON
FAITH HOCHSTETLER MICHA  HOCHSTETLER REGINA COBLENTZ NELSON COBLENTZ,0.0,PERSON
HERMAN MAST,0.0,PERSON
HERMAN YODER DOROTHY YODER,0.0,PERSON
FANNIE BORNTREGER PETIE BORNTREGER,0.0,PERSON
Fannie Marie Graber,0.0,PERSON
DONNA SHORES DONNIE SHORES,0.0,PERSON
FANNIE YODER,0.0,PERSON
HILDA HOOGENDOORN GENE HOOGENDOORN,0.0,PERSON
Fanny Eades,0.0,PERSON
Faye Teetzen,0.0,PERSON
DOEDI BETH BRITT,0.0,PERSON
Ferlin and Lovina Horst,0.0,PERSON
Ferman Kurtz,0.0,PERSON
Donna Tobias,0.0,PERSON
HOLLIE KAHNKE CHAD KAHNKE,0.0,PERSON
Holly Burch,0.0,PERSON
Don Adkins Kathleen Adkins,0.0,PERSON
Homer Slabaugh Regina Slabaugh,0.0,PERSON
Five Star Puppies,0.0,PERSON
Hope Wadel,0.0,PERSON
FLOYD  YODER,0.0,PERSON
Howard Buening Terry Buening,0.0,PERSON
FLOYD BAUER ALICIA BAUER,0.0,PERSON
Donnie Dale Knepp,0.0,PERSON
Donnie Wagler,0.0,PERSON
FLOYD KNEPP,0.0,PERSON
Fannie Schwartz,0.0,PERSON
Fannie Troyer,0.0,PERSON
Daniel M. Hochstetler,0.0,PERSON
DAVID WENGERD,0.0,PERSON
David and Emily Miller,0.0,PERSON
China Morris,0.0,PERSON
Delmar Petersheim,0.0,PERSON
Chris and Mary Farmwald,0.0,PERSON
Darian Clayton,0.0,PERSON
CHRIS CUNNINGHAM SARAH CUNNINGHAM,0.0,PERSON
David J Troyer,0.0,PERSON
CHRIS DUVALL,0.0,PERSON
Debi Ferrante,0.0,PERSON
Chris E Eicher,0.0,PERSON
DENNIS ROBBERSON,0.0,PERSON
Chris Gingerich,0.0,PERSON
Daniel Wengerd,0.0,PERSON
Chris Kauffman,0.0,PERSON
Darrin Yoder,0.0,PERSON
Chris Kramer,0.0,PERSON
David E Troyer,0.0,PERSON
Cayce Feemster,0.0,PERSON
David P Miller,0.0,PERSON
Charles Williams,0.0,PERSON
Dean Jackson,0.0,PERSON
Chris S Mast,0.0,PERSON
DEBRA SHINE Arnold  Shine,0.0,PERSON
Chris Simmons,0.0,PERSON
Charlet Vetsch,0.0,PERSON
DEVON BONTRAGER,0.0,PERSON
Chris Zimmerman Tabitha Zimmerman,0.0,PERSON
Daniel Schaaf Jaynell Schaaf,0.0,PERSON
"Chris, John & Rhonda Gingerich",0.0,PERSON
Danny Graven,0.0,PERSON
Chrissie E Yoder,0.0,PERSON
Darlene Emma Whitman,0.0,PERSON
Chrissie Gingerich,0.0,PERSON
DAVID  HOCHSTETLER,0.0,PERSON
Chrissie J. Miller,0.0,PERSON
David Chupp,0.0,PERSON
David H. Miller,0.0,PERSON
Chrissy & Chad Wiig,0.0,PERSON
David Lee,0.0,PERSON
Chrissy Craig,0.0,PERSON
David Shetler,0.0,PERSON
Christ A Yoder,0.0,PERSON
Davon Hochstetler,0.0,PERSON
Christa Mathews,0.0,PERSON
Debbie Grosenbacher,0.0,PERSON
Chasin Tail Kennel,0.0,PERSON
Chester Nisley,0.0,PERSON
Christian C. E. Schwartz,0.0,PERSON
DELBERT MILLER,0.0,PERSON
CHRISTIAN LAMBRIGHT,0.0,PERSON
Deloris Spire,0.0,PERSON
Christian Lee,0.0,PERSON
Dennis J Hilty,0.0,PERSON
CHRISTIAN SCHWARTZ,0.0,PERSON
Derek Dougherty,0.0,PERSON
CHRISTIAN YODER,0.0,PERSON
DEWAYNE  WAGLER JOSEPHINE  WAGLER,0.0,PERSON
CHRISTIE LAMBRIGHT,0.0,PERSON
Cheryl Lovell Kyle Lovell Jerry Lovell,0.0,PERSON
Christina Hershberger,0.0,PERSON
DANIEL SHANE DIVINE,0.0,PERSON
Christina Winn,0.0,PERSON
Daniel Yoder,0.0,PERSON
Christine Collins,0.0,PERSON
Danny Melton,0.0,PERSON
Christopher G. Park,0.0,PERSON
Darla Hilton Robert Hilton,0.0,PERSON
Christopher S Noland,0.0,PERSON
Darrell Fett Ila Fett,0.0,PERSON
Chelsie Henson,0.0,PERSON
Cavern Kennels,0.0,PERSON
Christy Brown,0.0,PERSON
David & Denise Blackburn,0.0,PERSON
DAVID BONTRAGER,0.0,PERSON
Cheri Cason,0.0,PERSON
Charlene Green,0.0,PERSON
"Christy, Rosetta & Corlene Kropf",0.0,PERSON
David Graber,0.0,PERSON
Chrystal Patterson,0.0,PERSON
David I Wickey,0.0,PERSON
Chuck Emanuel Susan Emanuel,0.0,PERSON
DAVID KEIM,0.0,PERSON
David Miller,0.0,PERSON
CINDY  GLOVER,0.0,PERSON
David R Yoder,0.0,PERSON
Cindy Clausen,0.0,PERSON
DAVID TERRY KYLE TERRY ERLENE TERRY,0.0,PERSON
Cindy Dilbeck,0.0,PERSON
DAVID YODER,0.0,PERSON
Cindy Elliot,0.0,PERSON
Dayna Gibson,0.0,PERSON
Cindy Essary Dave Essary,0.0,PERSON
Deb Leth,0.0,PERSON
CINDY EVANS,0.0,PERSON
Debbie Siler and Jimmy L Siler,0.0,PERSON
Cindy Garner,0.0,PERSON
Deborah Goracke,0.0,PERSON
CHERI STAPONSKI,0.0,PERSON
DEBRA MURRELL,0.0,PERSON
CINDY HUNTER,0.0,PERSON
DeeAnn Chaplin,0.0,PERSON
Cindy Hutchinson,0.0,PERSON
DELMAR BONTRAGER,0.0,PERSON
Cindy J Yoder,0.0,PERSON
DELMAR YODER,0.0,PERSON
Cindy Johnson,0.0,PERSON
Denise Essary,0.0,PERSON
Cindy Maubach,0.0,PERSON
Dennis Borntrager,0.0,PERSON
Cindy Mickey,0.0,PERSON
Dennis Lee Miller,0.0,PERSON
Cindy Ragland,0.0,PERSON
Dennis Walles Judy Walles,0.0,PERSON
Cindy Sherlock,0.0,PERSON
Devaron Zimmerman,0.0,PERSON
Cindy Todd,0.0,PERSON
DEVON SCHROCK,0.0,PERSON
Cindy Wellman & Miles Wellman,0.0,PERSON
Daniel Lengacher,0.0,PERSON
Cindy Wilkins and Allen Wilkins,0.0,PERSON
Daniel Miller Ruby Miller,0.0,PERSON
Cindy Williams,0.0,PERSON
Daniel S Stoltzfus,0.0,PERSON
DANIEL SCHMUCKER,0.0,PERSON
DANIEL TROYER,0.0,PERSON
CLARA  RABER,0.0,PERSON
Daniel Wickey,0.0,PERSON
Clara Mast Samuel Mast,0.0,PERSON
Danny  Hull,0.0,PERSON
Clara Raber,0.0,PERSON
Danny Kinnamon,0.0,PERSON
CLARENCE  OTTO SUSANNA OTTO,0.0,PERSON
Danny Wallis,0.0,PERSON
DARIN MILLER,0.0,PERSON
DARLENE CHALFANT,0.0,PERSON
CLAUDIA MATTESON,0.0,PERSON
Darole Walton and Shirley Walton,0.0,PERSON
Clay Scott Kathy Scott,0.0,PERSON
Darrell Miller,0.0,PERSON
Clay Thompson,0.0,PERSON
DARYL BARTZ PENNY BARTZ,0.0,PERSON
Dave Ruter,0.0,PERSON
David  Yoder,0.0,PERSON
Cleason Zimmerman,0.0,PERSON
David A Byler,0.0,PERSON
Clem Disterhaupt,0.0,PERSON
David Beechy,0.0,PERSON
Clemens and Lizzie Borntreger,0.0,PERSON
David Burkholder,0.0,PERSON
CLETIS WAYNE POWELL SR,0.0,PERSON
DAVID COBB JUDY COBB,0.0,PERSON
Cletus Bontrager,0.0,PERSON
Cherylynn A. Hughes,0.0,PERSON
Cletus Yoder,0.0,PERSON
David Flanders Becky Flanders,0.0,PERSON
CLIFFORD GROEN VERLA GROEN,0.0,PERSON
Clifford Herschberger,0.0,PERSON
David Hershberger,0.0,PERSON
CLIFFORD LANSDOWN,0.0,PERSON
David J Nisley,0.0,PERSON
CLIFFORD NOLT,0.0,PERSON
David K. Miller,0.0,PERSON
Clint Wilson,0.0,PERSON
David L Brown,0.0,PERSON
Clinton Companions,0.0,PERSON
David Lynn Bontrager,0.0,PERSON
Clinton Michel Marlene Michel,0.0,PERSON
Clinton Robbins,0.0,PERSON
David Polt Lisa Polt,0.0,PERSON
CHERIE KATES,0.0,PERSON
David Riehl,0.0,PERSON
CLOVA NOVIK,0.0,PERSON
David Stutzman,0.0,PERSON
David W Mast,0.0,PERSON
DAVID WICKEY,0.0,PERSON
CLYDE COLEMAN BRIAN SWAFFORD,0.0,PERSON
Clyde Horst,0.0,PERSON
DAWN J RATHBUN,0.0,PERSON
COAT OF MANY COLORS KENNEL,0.0,PERSON
Cody Mertens,0.0,PERSON
Chester H Hoover,0.0,PERSON
Cody Scott,0.0,PERSON
Debbie Clark,0.0,PERSON
Cheryl Branch,0.0,PERSON
Debbie Morgan,0.0,PERSON
Cole Gordon,0.0,PERSON
DEBBIE YARNALL JERRY YARNALL,0.0,PERSON
Coleen Harrell,0.0,PERSON
Deborah Anders,0.0,PERSON
Colleen Angelo-Colvard,0.0,PERSON
DEBORAH MACE,0.0,PERSON
Colleen Beatty,0.0,PERSON
DEBRA CRENSHAW,0.0,PERSON
Colleen Kincaid,0.0,PERSON
Debra Robison,0.0,PERSON
Colleen Ries,0.0,PERSON
Dee Cowan,0.0,PERSON
Delbert Graber,0.0,PERSON
DELINDA PETTY,0.0,PERSON
Connie Crewse,0.0,PERSON
Delmar McCrorey,0.0,PERSON
Connie Decker,0.0,PERSON
DELMAR RAY YODER,0.0,PERSON
Connie Dozier,0.0,PERSON
Delores Carlos,0.0,PERSON
Deniece Richardson,0.0,PERSON
CONNIE MURRAY,0.0,PERSON
DENISE ROSHELL JACE ROSHELL SHALEE ROSHELL LUKE BRZEZINSKI,0.0,PERSON
Connie Paronto,0.0,PERSON
Chester or Mildred Miles,0.0,PERSON
Dennis D Yoder,0.0,PERSON
Dennis L and Sarah A Hershberger,0.0,PERSON
Cooper's Dachshunds,0.0,PERSON
DENNIS MARTIN,0.0,PERSON
Chester Sauder,0.0,PERSON
DENNIS YODER,0.0,PERSON
DEREK WAGLER,0.0,PERSON
Devin Spears,0.0,PERSON
DEVON LONGENECKER,0.0,PERSON
DEVON YODER,0.0,PERSON
CHESTER YODER,0.0,PERSON
Daniel M Miller,0.0,PERSON
CHERYL KINDER,0.0,PERSON
DANIEL PEACHEY,0.0,PERSON
DANIEL REECE,0.0,PERSON
Daniel S Zook,0.0,PERSON
DANIEL SCHLABACH,0.0,PERSON
Daniel Seematter,0.0,PERSON
Daniel Shirk,0.0,PERSON
Daniel Weaver,0.0,PERSON
DANIEL WENGERD ABE YODER,0.0,PERSON
Cheryl Nims,0.0,PERSON
Dannie Bahm,0.0,PERSON
Danny Bailey,0.0,PERSON
Courtney and Alan Farley Jr,0.0,PERSON
Danny Hostetler,0.0,PERSON
Cheryl Richardson,0.0,PERSON
Danny Schrock,0.0,PERSON
Danyiel Pridemore,0.0,PERSON
Craig & Linda Kleven,0.0,PERSON
Darin Martin,0.0,PERSON
Craig B Hostetler,0.0,PERSON
DARLA FISHER,0.0,PERSON
Craig Burns,0.0,PERSON
Darla Reiff,0.0,PERSON
CRAIG RIFFEY,0.0,PERSON
DARLENE COLLINS BILL COLLINS,0.0,PERSON
Craig Taylor,0.0,PERSON
DAROLD JAY HEADINGS,0.0,PERSON
DARREL WAGLER,0.0,PERSON
DARRELL GRABER,0.0,PERSON
DARRELL WAGLER,0.0,PERSON
DARVIN JOE KNEPP,0.0,PERSON
DARYL BONTRAGER,0.0,PERSON
Daryl Lehman,0.0,PERSON
David  Davenport Sandra Davenport,0.0,PERSON
DAVID  MILLER,0.0,PERSON
DAVID  ZOOK,0.0,PERSON
David & Katie Stutzman,0.0,PERSON
CHERYL STEIDL,0.0,PERSON
David and Susie Reid,0.0,PERSON
Crist Lapp,0.0,PERSON
David Bennett Lisa Bennett,0.0,PERSON
"CEDER GROVE KENNELS, L L C",0.0,PERSON
David Borntrager,0.0,PERSON
Crist Troyer,0.0,PERSON
DAVID C TROYER,0.0,PERSON
Crista Anne Taylor,0.0,PERSON
David Cline Joane Cline,0.0,PERSON
Cristal Mitchell,0.0,PERSON
David D Byler,0.0,PERSON
Cristy Park,0.0,PERSON
David D. Troyer,0.0,PERSON
David E Miller,0.0,PERSON
DAVID FICKESS MARY FICKESS,0.0,PERSON
David Gingerich,0.0,PERSON
Crystal Howard,0.0,PERSON
DAVID GRABER KATHERINE GRABER,0.0,PERSON
Crystal Osborne,0.0,PERSON
David Gunter,0.0,PERSON
Crystal Purifoy Linda Purifoy,0.0,PERSON
David Harris,0.0,PERSON
CHARLES BROWN DORIS BROWN,0.0,PERSON
David I. Glick,0.0,PERSON
Cheryl Diel,0.0,PERSON
DAVID J SCHLABACH,0.0,PERSON
David J Wagler,0.0,PERSON
DAVID KAUFFMAN,0.0,PERSON
David Kurtz,0.0,PERSON
CURT FAUGHN SANDRA FAUGHN,0.0,PERSON
DAVID LAPP,0.0,PERSON
Curt Kokjohn,0.0,PERSON
DAVID LEE LAPP,0.0,PERSON
Curtis Chupp,0.0,PERSON
David M Troyer,0.0,PERSON
Curtis Golden,0.0,PERSON
David N Stoll,0.0,PERSON
Cheryl Fulghum,0.0,PERSON
David O Yoder,0.0,PERSON
Curtis Sizemore,0.0,PERSON
David P. Miller,0.0,PERSON
Curtis Slate,0.0,PERSON
David R Miller,0.0,PERSON
CURVIN MARTIN,0.0,PERSON
David Ray Knepp,0.0,PERSON
DAVID SCHLABACH,0.0,PERSON
DAVID STOLTZFUS,0.0,PERSON
David Swartzentruber Cora Swartzentruber,0.0,PERSON
Cynthia Ann Hale Parker,0.0,PERSON
David Troyer Esther Troyer,0.0,PERSON
Cephas Yoder,0.0,PERSON
CHARLES FELDMANN,0.0,PERSON
Cynthia Stump,0.0,PERSON
DAVID WHETSTONE,0.0,PERSON
Cynthia Towsley,0.0,PERSON
David Wittmer,0.0,PERSON
Cynthia Weaver,0.0,PERSON
DAVID ZOOK,0.0,PERSON
Davis Family Doodles,0.0,PERSON
Dawn Coffman,0.0,PERSON
D R Borntreger,0.0,PERSON
Dale Bontrager,0.0,PERSON
Dean Miller,0.0,PERSON
DALE LANNING BARBARA LANNING,0.0,PERSON
Deanna L Allen,0.0,PERSON
Dale Miller,0.0,PERSON
Debbie Babb,0.0,PERSON
DALE SCHLABACH,0.0,PERSON
Debbie Cox,0.0,PERSON
DALLAS BENDER,0.0,PERSON
Chester Lambright,0.0,PERSON
Debbie Phillips,0.0,PERSON
Cheryl Goring,0.0,PERSON
Debbie Williams Chester Williams,0.0,PERSON
Dan Beer,0.0,PERSON
Debby Loy,0.0,PERSON
Dan Berhorst,0.0,PERSON
Deborah Allen Nelson Allen,0.0,PERSON
Chad Vadnais Vicki Vadnais,0.0,PERSON
Deborah Anderson,0.0,PERSON
Dan F Lapp,0.0,PERSON
DEBORAH HERRINGTON,0.0,PERSON
Dan Howard Drummonds,0.0,PERSON
Deborah Snyder & Doug Smoot,0.0,PERSON
DAN MAASSEN SADIE MAASSEN,0.0,PERSON
Debra and Rex Hopkins,0.0,PERSON
Dan R Erb,0.0,PERSON
Debra McCoy,0.0,PERSON
DAN SCHWARTZ,0.0,PERSON
Dan T Schwartz,0.0,PERSON
Debra Shine,0.0,PERSON
Dana Bryant,0.0,PERSON
Debra Tignor,0.0,PERSON
Dana Clayton,0.0,PERSON
DEE FRIESNER JEANNIE FRIESNER,0.0,PERSON
Dana DaMitz,0.0,PERSON
Dana Farr,0.0,PERSON
Delbert Hershberger,0.0,PERSON
Dana Tompkins,0.0,PERSON
Delbert Yoder,0.0,PERSON
DELMAR  STOLL,0.0,PERSON
DANELL & JOSEPH RIFE,0.0,PERSON
Delmar Hochstetler,0.0,PERSON
Delmar Miller,0.0,PERSON
Chad Wulf,0.0,PERSON
Delmar R Frey,0.0,PERSON
DANIEL  LAMBRIGHT EDNA LAMBRIGHT,0.0,PERSON
Charles K Delozier Susan Delozier,0.0,PERSON
DANIEL  MILLER,0.0,PERSON
Daniel  Miller Lizann Miller Rebecca  Eiler,0.0,PERSON
Charles Littrell Melinda Littrell,0.0,PERSON
DANIEL  STOLL,0.0,PERSON
Dena Raber,0.0,PERSON
Daniel & Barbara Miller,0.0,PERSON
DENISE  ROSHELL SHALEE ROSHELL,0.0,PERSON
Cheryl Gray,0.0,PERSON
Denise Krogmeier,0.0,PERSON
Daniel and Janell Diener,0.0,PERSON
DENISE SHARP,0.0,PERSON
Daniel and Vera Yoder,0.0,PERSON
DENNIS  YODER,0.0,PERSON
Daniel Blaine,0.0,PERSON
Dennis Bontrager,0.0,PERSON
Daniel Borntrager,0.0,PERSON
DENNIS BRADEN,0.0,PERSON
Diane Shortt Hillis Shortt,0.0,PERSON
DENNIS HERSHBERGER,0.0,PERSON
DIANE VAN TWUYVER,0.0,PERSON
DENNIS KAUS,0.0,PERSON
Diania Starchman,0.0,PERSON
Dennis L Lehman,0.0,PERSON
Challen Ramsey,0.0,PERSON
DENNIS MAJOR,0.0,PERSON
DEWAYNE PETERSON ANDREA PETERSON,0.0,PERSON
DENNIS MILLER,0.0,PERSON
Dewayne Schmucker,0.0,PERSON
Charles Pluta,0.0,PERSON
Dennis W Ory,0.0,PERSON
DIAN DOBLAR JOHN DOBLAR,0.0,PERSON
Dennis Wilson Joan Wilson,0.0,PERSON
Diana Burden,0.0,PERSON
Denton Headings,0.0,PERSON
Diana Pankonin,0.0,PERSON
DEREK FROEHLICH ROBIN FROEHLICH,0.0,PERSON
Diane Jarvis,0.0,PERSON
DESIREE BOGAN LEE BOGAN,0.0,PERSON
Diane Schieni,0.0,PERSON
Devin Jones,0.0,PERSON
Charles Spires Irma Jean Spires,0.0,PERSON
Devon & Silvia Beechy,0.0,PERSON
Daniel Kemp,0.0,PERSON
Devon L Yoder,0.0,PERSON
Cheryl K Sinks,0.0,PERSON
Devon Schlabach,0.0,PERSON
Daniel Kuehne,0.0,PERSON
Devon Stutzman,0.0,PERSON
Daniel Kurtz,0.0,PERSON
Devonna Francis,0.0,PERSON
Daniel L Hostetler,0.0,PERSON
DEWAYNE MISHLER,0.0,PERSON
DANIEL LAMBRIGHT,0.0,PERSON
Daniel Lapp,0.0,PERSON
Dewayne Yoder,0.0,PERSON
Charlene Fischer,0.0,PERSON
Daniel Gingerich,0.0,PERSON
DIANA BONI,0.0,PERSON
Daniel Graber,0.0,PERSON
Diana Jones,0.0,PERSON
Diane Huseman,0.0,PERSON
Daniel H Lambright,0.0,PERSON
DIANE SANDS,0.0,PERSON
Daniel Hochstetler,0.0,PERSON
DIANE SHORTT,0.0,PERSON
DANIEL K. GRABER ANNA MAE GRABER,0.0,PERSON
Daniel Kauffman,0.0,PERSON
Diane Workman,0.0,PERSON
Daniel D Miller,0.0,PERSON
Dianna Harp,0.0,PERSON
Daniel D Troyer,0.0,PERSON
Dick Fowlkes,0.0,PERSON
Daniel D Yoder,0.0,PERSON
DIXIE SINGLETON,0.0,PERSON
Daniel Eash,0.0,PERSON
DANIEL F STOLTZFUS,0.0,PERSON
ADAM YODER,0.0,PERSON
BOB MEHMERT,0.0,PERSON
Bettie Davis,0.0,PERSON
ADEN  YODER,0.0,PERSON
Aden A Yoder,0.0,PERSON
BEN  TROYER,0.0,PERSON
A G Beukelman,0.0,PERSON
Bill and Theckla Triplett,0.0,PERSON
Aden D Schlabach,0.0,PERSON
ABNER SCHMUCKER RACHEL SCHMUCKER,0.0,PERSON
Aden Schlabach,0.0,PERSON
Cantrell Cuties Kennel,0.0,PERSON
A.K. SHEPHERD,0.0,PERSON
Barbi Akers,0.0,PERSON
Benjamin S Miller,0.0,PERSON
BETTY WHITEAKER STEVEN WHITEAKER,0.0,PERSON
Adrian Addae,0.0,PERSON
ADRIAN BURKHOLDER,0.0,PERSON
Boris Petkov,0.0,PERSON
Adrian Graber,0.0,PERSON
Brian Felton,0.0,PERSON
Adrian Helmuth,0.0,PERSON
Aden  Raber,0.0,PERSON
Adrian Martin,0.0,PERSON
CAROL BEYER,0.0,PERSON
ADRIAN RABER,0.0,PERSON
BARBARA MULLINAX,0.0,PERSON
ADRIAN TROYER,0.0,PERSON
BECKY KURTENBACH,0.0,PERSON
Adrianna Johnson,0.0,PERSON
BEN YODER EDITH YODER,0.0,PERSON
AIMEE COOK,0.0,PERSON
Bernita Berntsen Carleen Berntsen,0.0,PERSON
AL BUSEMAN,0.0,PERSON
Betty Hiatt,0.0,PERSON
ALAN FARMWALD,0.0,PERSON
BEVERLY KUHLMAN,0.0,PERSON
Alan Hindal,0.0,PERSON
BILLIE JACKSON,0.0,PERSON
Alan Packer,0.0,PERSON
Alan Pischel,0.0,PERSON
ALAN RABER,0.0,PERSON
Brandy Hough,0.0,PERSON
Alanda and Chad Koenen,0.0,PERSON
BRENDA SHERMAN,0.0,PERSON
Alanda Koenen,0.0,PERSON
BRIDGET MARIE OPPERMAN,0.0,PERSON
ALBERT ERB,0.0,PERSON
Bryce Millikan,0.0,PERSON
Albert Hostetler,0.0,PERSON
CALVIN KROGER,0.0,PERSON
Albert J Troyer,0.0,PERSON
Abram and Elsa Martin,0.0,PERSON
Albert Lee,0.0,PERSON
Carol Stanford,0.0,PERSON
Albert M Miller,0.0,PERSON
BARBARA HEARNE SONNY HEARNE,0.0,PERSON
Albert Mast,0.0,PERSON
Barbara Poor,0.0,PERSON
Albert Miller,0.0,PERSON
Beckie Dugger,0.0,PERSON
ALBERT STUTZMAN,0.0,PERSON
Albert Troyer,0.0,PERSON
Ben H Graber,0.0,PERSON
Benjamin DE Schwartz,0.0,PERSON
Alec Mehmert,0.0,PERSON
Benuel Stoltzfus,0.0,PERSON
Aleica Davis,0.0,PERSON
ABE YODER,0.0,PERSON
Alejandra Perdomo,0.0,PERSON
Alex De Jager,0.0,PERSON
Betty Meeks,0.0,PERSON
ALEX IDEN,0.0,PERSON
Beverly Fox,0.0,PERSON
Alice Ketchum,0.0,PERSON
Alice Mahurin,0.0,PERSON
Bill Nored,0.0,PERSON
Alice Shaffer,0.0,PERSON
BILLY KING,0.0,PERSON
Alisa Breedlove,0.0,PERSON
BLAKE BERTRAND CELINA BERTRAND,0.0,PERSON
ALISON HAWKINS,0.0,PERSON
Allan & Ivan Helmuth,0.0,PERSON
Bobby and Lori Schroeder,0.0,PERSON
Allan E Lengacher,0.0,PERSON
Bonnie Palmer,0.0,PERSON
Allan Miller,0.0,PERSON
Bradley Anderson,0.0,PERSON
Allan Schmucker,0.0,PERSON
Allen & Jeni Lorton,0.0,PERSON
BRENDA OLDFIELD RANDY OLDFIELD,0.0,PERSON
Allen and Dianne Feenstra,0.0,PERSON
Brenda White,0.0,PERSON
Allen Beukelman,0.0,PERSON
ABRAHAM BORNTREGER,0.0,PERSON
Allen F Bontrager,0.0,PERSON
Brittany Baker,0.0,PERSON
Allen J Yoder,0.0,PERSON
Bryan & Paula Unger,0.0,PERSON
Allen J. Yoder,0.0,PERSON
Butch Olseth,0.0,PERSON
C Dale Lovland Janet Lovland,0.0,PERSON
CALEB SCHROCK KEVIN SCHROCK,0.0,PERSON
Calvin & Amy Zimmerman,0.0,PERSON
Allen Koedam Wanda Koedam,0.0,PERSON
Candace Longan,0.0,PERSON
Allen L Mullet,0.0,PERSON
Cara Borin John Moore,0.0,PERSON
ALLEN MILLER,0.0,PERSON
CARLA SULLIVAN,0.0,PERSON
ALLEN MILLER MARLENE MILLER,0.0,PERSON
Carol Johnson,0.0,PERSON
Allen N Reiff,0.0,PERSON
ADAM KNEPP,0.0,PERSON
Allen Nolt,0.0,PERSON
Barbara Gilbertson Laurel Gilbertson,0.0,PERSON
BARBARA HUBNER LORIE HUNT-HEATON,0.0,PERSON
Allen Stutzman,0.0,PERSON
BARBARA NEUBERT,0.0,PERSON
Allen Wengerd,0.0,PERSON
Barbara Simmons,0.0,PERSON
ALLEN YODER,0.0,PERSON
Beatrice Birchfield,0.0,PERSON
AARON  GRABER,0.0,PERSON
Becky Flanders and Alicia Neal,0.0,PERSON
Allison Hollow Kennel,0.0,PERSON
Becky Wallin,0.0,PERSON
ALLISON STEPHENSON EMILY SKINNER,0.0,PERSON
Belinda Willett,0.0,PERSON
Ben Beiler,0.0,PERSON
Alta Henson,0.0,PERSON
Ben Troyer Emma Troyer,0.0,PERSON
Alta Madewell,0.0,PERSON
Benita Boyd,0.0,PERSON
ALTA Z. MARTIN,0.0,PERSON
Benjamin Lambright,0.0,PERSON
Aaron A Miller,0.0,PERSON
Bennie Redmond,0.0,PERSON
Alvin Borntrager,0.0,PERSON
Alvin Brenneman,0.0,PERSON
Bert Miller,0.0,PERSON
Alvin F Bontrager,0.0,PERSON
BETSY  FISHER AMOS FISHER,0.0,PERSON
Aaron B Martin,0.0,PERSON
Betty Bratcher,0.0,PERSON
ALVIN MULLETT,0.0,PERSON
ALVIN NOLT,0.0,PERSON
ABNER ALLGYER,0.0,PERSON
ALVIN SHIRK,0.0,PERSON
Betty Tash,0.0,PERSON
Alvin Stoltzfus,0.0,PERSON
Betty York,0.0,PERSON
ALVIN WAGLER,0.0,PERSON
ALVIN YODER ROSA  YODER,0.0,PERSON
Aaron Beachy,0.0,PERSON
ALYSSA MILLER,0.0,PERSON
Bill Harvill,0.0,PERSON
Amanda Clinkenbeard,0.0,PERSON
BILLIE ANNE WILLIAMS,0.0,PERSON
AMANDA CRESS,0.0,PERSON
Billy Herrera,0.0,PERSON
Amanda Eicher Rhoda Graber Aimee Graber,0.0,PERSON
Amanda Kelley,0.0,PERSON
Amanda Kincaid,0.0,PERSON
Amanda Rodgers,0.0,PERSON
Amanda Rogers,0.0,PERSON
Bob Eades,0.0,PERSON
Amanda Thompson,0.0,PERSON
BOBBI HILL,0.0,PERSON
Amanda Tucker,0.0,PERSON
Bobby Schmitt Peggy Schmitt,0.0,PERSON
Amber Mckeever,0.0,PERSON
Bonnie Kesler,0.0,PERSON
Amber Rozeboom Nolan Rozeboom,0.0,PERSON
Bonnie Versteeg,0.0,PERSON
Ammon Burkholder,0.0,PERSON
Boyce Eagon Shawn Evans,0.0,PERSON
Ammon J Miller,0.0,PERSON
ABNER RENNO MARY RENNO,0.0,PERSON
Ammon J Yoder,0.0,PERSON
BRANT MASNER NELDA MASNER,0.0,PERSON
AMMON MARTIN,0.0,PERSON
BRENDA ANTLE,0.0,PERSON
Ammon O Zimmerman,0.0,PERSON
BRENDA JONES,0.0,PERSON
Ammon R Martin,0.0,PERSON
Brenda Ponting,0.0,PERSON
Ammon Swartzentruber,0.0,PERSON
Brenda Tisdale,0.0,PERSON
Ammon Yoder,0.0,PERSON
Brett Bonham,0.0,PERSON
Ammon Zimmerman,0.0,PERSON
Abraham & Katie Hershberger,0.0,PERSON
AMOS  BEILER JR,0.0,PERSON
Brian Scott Griggs,0.0,PERSON
AARON BORNTREGER,0.0,PERSON
Brindis Cal Lahera,0.0,PERSON
Amos and Rebecca King,0.0,PERSON
Brittney Middleton Elvis Middleton,0.0,PERSON
AMOS BEILER,0.0,PERSON
Bryan White,0.0,PERSON
AMOS GRABER,0.0,PERSON
Amos Hilty Ruth Ann Hilty,0.0,PERSON
Amos J Schmucker,0.0,PERSON
Caleb McCrorey,0.0,PERSON
Amos J. Yoder,0.0,PERSON
Amos Jay Petersheim,0.0,PERSON
Calvin Cantrell,0.0,PERSON
Amos King,0.0,PERSON
Camille Bagley,0.0,PERSON
Amos Lambright,0.0,PERSON
Candy Fields,0.0,PERSON
Amos M Yoder,0.0,PERSON
ABRAHAM KAUFFMAN,0.0,PERSON
Amos Miller,0.0,PERSON
CARL ZIMMERMAN,0.0,PERSON
AMOS SCHWARTZ,0.0,PERSON
Carla Pederson,0.0,PERSON
Amos Stoltzfus,0.0,PERSON
Carlos Brannon,0.0,PERSON
Amos Stoltzfus Jacob Stoltzfus,0.0,PERSON
Carol Hays,0.0,PERSON
AMOS YODER,0.0,PERSON
AMOS YODER MARLA YODER,0.0,PERSON
Aaron D Martin,0.0,PERSON
CAROLYN EVERETT,0.0,PERSON
Amy and Royden Graber,0.0,PERSON
Barbara Gilbertson,0.0,PERSON
Amy Demelt,0.0,PERSON
BARBARA GULLETT,0.0,PERSON
AMY GARRETT DARRIN GARRETT,0.0,PERSON
Barbara Hobbs,0.0,PERSON
AMY GLADSTONE,0.0,PERSON
Barbara Lyon,0.0,PERSON
Amy Goedeke,0.0,PERSON
Barbara Netroy,0.0,PERSON
Amy Holtkamp,0.0,PERSON
Barbara Owens,0.0,PERSON
Amy Kramer,0.0,PERSON
"Barbara Ross, Roy Ross",0.0,PERSON
Amy Tilley,0.0,PERSON
Barbara Stubbs,0.0,PERSON
AMY TURPIN,0.0,PERSON
BARRY BRAUCH,0.0,PERSON
Andrea Harding,0.0,PERSON
Andrea Ratterree Dustin Ratterree,0.0,PERSON
Becky Daniels,0.0,PERSON
Andrew Bontrager,0.0,PERSON
ABE RABER,0.0,PERSON
Andrew Borntreger,0.0,PERSON
BECKY WALKOS,0.0,PERSON
ANDREW GARBER,0.0,PERSON
BECKY YOUNGER,0.0,PERSON
Andrew HP Hilty,0.0,PERSON
Belinda Kellenberger,0.0,PERSON
Andrew Lambright,0.0,PERSON
Belinda Willett Jerry Willett,0.0,PERSON
Andrew Miller,0.0,PERSON
Ben & June Paxton,0.0,PERSON
Andrew R Yoder,0.0,PERSON
BEN GRABER SHIRLEY GRABER,0.0,PERSON
ANDREW TROYER,0.0,PERSON
Ben Mullet,0.0,PERSON
Andy A Yoder,0.0,PERSON
Ben Wagler Lucy Wagler,0.0,PERSON
Andy Borntrager Verna Borntrager,0.0,PERSON
Benedict Troyer,0.0,PERSON
Andy C Raber,0.0,PERSON
Benjamin Boyd,0.0,PERSON
Andy D. Yoder,0.0,PERSON
Benjamin L Borntrager,0.0,PERSON
Andy J Raber,0.0,PERSON
Benjamin R Stoltzfus,0.0,PERSON
AARON GRABER,0.0,PERSON
Benjamin Yoder Edith Lorene Yoder,0.0,PERSON
Andy Nisley,0.0,PERSON
Bennie Shrock,0.0,PERSON
Andy R Gingerich,0.0,PERSON
Andy Raber,0.0,PERSON
Bernetta Williams,0.0,PERSON
Andy Schwartz,0.0,PERSON
ANDY WEAVER,0.0,PERSON
Beth Everett,0.0,PERSON
Andy Wilson,0.0,PERSON
BETH SUTTON,0.0,PERSON
Aaron Helmuth,0.0,PERSON
Betsy Conrad,0.0,PERSON
ANDY YODER JR,0.0,PERSON
Angela Fields,0.0,PERSON
BETTY BROWN,0.0,PERSON
Angela Fromm Faust,0.0,PERSON
BETTY COOPER RAY COOPER ROGER COOPER,0.0,PERSON
Angela G Hamby,0.0,PERSON
Aaron Hess,0.0,PERSON
Betty J Mast,0.0,PERSON
Angela Noland,0.0,PERSON
BETTY LU JANSSEN ANTHONY JANSSEN,0.0,PERSON
Angela Stephens,0.0,PERSON
Betty Nelson-Pollock Jean Nelson,0.0,PERSON
Aaron L. Troyer,0.0,PERSON
Betty Vance,0.0,PERSON
ANGELIA KOCHS,0.0,PERSON
Betty Yoder,0.0,PERSON
Angie McDuffee,0.0,PERSON
Beverly Conley Sherri Row,0.0,PERSON
ANGIE THOMPSON,0.0,PERSON
BEVERLY FRANKS ELVIS FRANKS,0.0,PERSON
"Anita Burkholder, Curvin Burkholder",0.0,PERSON
Beverly Hargis,0.0,PERSON
ANITA BURROW,0.0,PERSON
Beverly Nydam,0.0,PERSON
Anita Gustin,0.0,PERSON
Anita Kelly,0.0,PERSON
Bill and Carol Murphy,0.0,PERSON
Ann Allison,0.0,PERSON
Bill File Jodi File,0.0,PERSON
"Ann Lord, Stan Cochran",0.0,PERSON
BILL KINNAMON,0.0,PERSON
Ann Miller,0.0,PERSON
Bill Paulsen Mona Paulsen,0.0,PERSON
Ann Quinn,0.0,PERSON
BILLIE HUGHES CHERYLYNN HUGHES,0.0,PERSON
Anna A. Borntreger,0.0,PERSON
BillieJo Davenport,0.0,PERSON
ANNA BYLER DUANE BYLER STEVEN BYLER RUDY JR BYLER,0.0,PERSON
Billy Joe Toney,0.0,PERSON
Anna Hoover Janet Sloan,0.0,PERSON
ANNA KERNER,0.0,PERSON
Anna Mae Good,0.0,PERSON
BLAINE OLSETH,0.0,PERSON
ANNA MARY REIFF,0.0,PERSON
Blake and Cindy Wellington,0.0,PERSON
Anna Presley Jimmy Don Presley,0.0,PERSON
Anna Ruth Miller,0.0,PERSON
Anna Willis,0.0,PERSON
ANNE INMAN,0.0,PERSON
Bob and Julie Nienke,0.0,PERSON
Annetta Shirk,0.0,PERSON
Annette Davis,0.0,PERSON
"Bob, Dee and Vickie Cassady",0.0,PERSON
Aaron Schlabach,0.0,PERSON
Bobbie M Smith,0.0,PERSON
Annette Moeller,0.0,PERSON
BOBBY OWENS,0.0,PERSON
ANTHONY  MUSSER,0.0,PERSON
Bonnie Boyd,0.0,PERSON
Anthony Denney,0.0,PERSON
BONNIE OLSON,0.0,PERSON
ANTHONY MUSSER,0.0,PERSON
BONNIE SUTTON,0.0,PERSON
Anthony Yoder,0.0,PERSON
AQUILA KENNELS OF MALPAK INC,0.0,PERSON
AQUILLA BLANK LEAH BLANK,0.0,PERSON
Brad E. Grotewold,0.0,PERSON
Bradley Wans Cassandra  Wans,0.0,PERSON
ARBA JETT MIRIAM JETT,0.0,PERSON
Brandon Hough Tina Hough,0.0,PERSON
Arba K. Jett,0.0,PERSON
Brandy Sanders,0.0,PERSON
ARLENE HERSCHBERGER ERNEST HERSCHBERGER,0.0,PERSON
Arlene Koehn,0.0,PERSON
ARLENE REIFF,0.0,PERSON
Brenda Arnett,0.0,PERSON
ARLENE SWARTZENTRUBER ARLYN SWARTZENTRUBER,0.0,PERSON
Brenda Johnson,0.0,PERSON
Arlin Hostetler,0.0,PERSON
Brenda Kellum,0.0,PERSON
Arlin Miller,0.0,PERSON
Brenda Poe,0.0,PERSON
Arminta Hickman,0.0,PERSON
Brenda Rauber,0.0,PERSON
Arnold Bruna Linda Bruna,0.0,PERSON
Brenda Stillwell,0.0,PERSON
Brenda Unger Bryan  Unger,0.0,PERSON
Brenda Willis Rebecca Downen,0.0,PERSON
Arthur B Graber,0.0,PERSON
Brian Davis,0.0,PERSON
Aaron Schwartz,0.0,PERSON
Brian Graber,0.0,PERSON
Arthur Mc Kinney,0.0,PERSON
Brian Kauffman,0.0,PERSON
ARTIC AKITAS,0.0,PERSON
Brian Lutz,0.0,PERSON
Brian Swafford,0.0,PERSON
AARON WINGARD DORETTA WINGARD,0.0,PERSON
ASHLEE MC COY,0.0,PERSON
Brittany  Smith,0.0,PERSON
ATLEE BARKMAN,0.0,PERSON
Brittany Barton,0.0,PERSON
ATLEE J RABER,0.0,PERSON
Brock Scott,0.0,PERSON
Atlee Miller,0.0,PERSON
Atlee Raber,0.0,PERSON
AARON YODER,0.0,PERSON
Bryan Bredemeyer,0.0,PERSON
Atlee Swartzentruber Jr,0.0,PERSON
Bryce Canyon Kennel,0.0,PERSON
ATLEE TROYER,0.0,PERSON
Buck Christoffer Paula Christoffer,0.0,PERSON
Atlee Wengerd,0.0,PERSON
"Aaron, Raymond, and Kathryn Schrock",0.0,PERSON
Audrey Hoover,0.0,PERSON
BYRON BRENGMAN,0.0,PERSON
AUDREY OLSON,0.0,PERSON
Caleb and Dorcas Yoder,0.0,PERSON
AUDREY REBENITSCH,0.0,PERSON
Caleb Ramer Kathleen Ramer,0.0,PERSON
Audrey Rottinghaus,0.0,PERSON
Callie Scheck,0.0,PERSON
Aurelie Morren,0.0,PERSON
Autumn's House of German Shepherds,0.0,PERSON
Calvin & Teresa Good,0.0,PERSON
Avaree Clark,0.0,PERSON
Calvin Kortlever,0.0,PERSON
Carolyn Jurewicz,0.0,PERSON
CALVIN YODER,0.0,PERSON
Carolyn Meridith,0.0,PERSON
Candace and Craig Mayberry,0.0,PERSON
CAROLYN TENNIS,0.0,PERSON
CARRIE JONES,0.0,PERSON
CANDY ROCK KENNEL,0.0,PERSON
Casey Hensley,0.0,PERSON
Cantril Kennels,0.0,PERSON
Cassandra Bryant,0.0,PERSON
CAPTIVA KENNEL L L C,0.0,PERSON
ABE MILLER,0.0,PERSON
Catherine Schafer,0.0,PERSON
Carla Brovont,0.0,PERSON
Catherine Woods,0.0,PERSON
Carla Couchman Jerry Couchman,0.0,PERSON
CATHY PAGE,0.0,PERSON
Carla Sanders & Todd Rounkles,0.0,PERSON
CARLA ZUMBACH GARRY ZUMBACH,0.0,PERSON
Barb Beckmann,0.0,PERSON
Carney,0.0,PERSON
ABE MILLER ALLEN  MILLER,0.0,PERSON
Carol Haley,0.0,PERSON
CAROL J. FAGERLAND,0.0,PERSON
Barbara  Fields,0.0,PERSON
Carol Novak,0.0,PERSON
Barbara Barker,0.0,PERSON
Carol Sifuentes,0.0,PERSON
BARBARA BORNTRAGER,0.0,PERSON
Ada A Hershberger,0.0,PERSON
Barbara Borntreger,0.0,PERSON
CAROL THEISEN JILL PILLOUD,0.0,PERSON
Abe P Miller,0.0,PERSON
Adam Swartzentruber,0.0,PERSON
BARBARA DUKELOW,0.0,PERSON
Carolyn Hadley Philip Hadley,0.0,PERSON
BARBARA DURBIN,0.0,PERSON
BARBARA FORST,0.0,PERSON
Awesome Paws Of Missouri,0.0,PERSON
CAROLYN OWENS,0.0,PERSON
CARRIE AMMANN,0.0,PERSON
B. Kay Whitley,0.0,PERSON
Carrie Sawyer,0.0,PERSON
B.A.R.K. Kennel,0.0,PERSON
Casey Sartor,0.0,PERSON
CATHERINE C. FRANCKA,0.0,PERSON
Catherine Rexwinkle,0.0,PERSON
Catherine Stauffer,0.0,PERSON
Cathie Atchison,0.0,PERSON
Cathy Sanders,0.0,PERSON
